shot_id,acc_x_mean,acc_x_median,acc_x_std,acc_x_min,acc_x_max,acc_y_mean,acc_y_median,acc_y_std,acc_y_min,acc_y_max,acc_z_mean,acc_z_median,acc_z_std,acc_z_min,acc_z_max,acc_mag_mean,acc_mag_median,acc_mag_std,acc_mag_min,acc_mag_max,gyro_x_mean,gyro_x_median,gyro_x_std,gyro_x_min,gyro_x_max,gyro_y_mean,gyro_y_median,gyro_y_std,gyro_y_min,gyro_y_max,gyro_z_mean,gyro_z_median,gyro_z_std,gyro_z_min,gyro_z_max,gyro_mag_mean,gyro_mag_median,gyro_mag_std,gyro_mag_min,gyro_mag_max,label,timestamp,player
1779007883314,7.05938138627451,4.295093,10.613380033056036,-4.52985,49.152824,-7.240662655294118,-8.123068,4.002072633786082,-13.591946,4.165737,-1.7343029623529411,-0.84560394,9.847562243013074,-26.568253,11.988173,15.685530260912392,11.989226578355137,9.058343768865472,8.864453242524878,54.10827575081627,-0.33692624862745096,-0.70855564,1.914516382874765,-3.0961523,7.3584056,-0.5675813556862744,0.98713076,3.1643240990424144,-9.031588,2.588272,0.04822558898039215,-0.4896371,1.3546782982327708,-1.8060778,3.8775477,3.270292821208628,2.5388272462385424,2.247557631823124,1.0859538386401415,10.927348544737482,forehand,2026-05-17 10:51:23.314,1
1779007886907,8.190446445686275,4.5118837,9.701924563570559,-1.1869596,38.546844,-6.020612572941177,-5.7802896,4.660428734662023,-14.413594,2.2781,-1.3916556480392157,0.67911816,7.98605125803717,-19.065613,11.5593815,14.552981765687834,12.213692349155885,8.42449637340602,3.3540806743897047,41.277911950640714,-0.19255763647058827,-0.5670043,2.2658265868904937,-3.2603412,6.4112234,-0.4491741101960784,1.0951252,3.625001753722375,-9.041974,3.5740712,-0.5362699560392157,-0.83106476,1.660941238356289,-3.7731485,3.3444998,3.9543154246202135,3.3313856922421605,2.370852307267805,0.9036545687905828,10.449546922343906,forehand,2026-05-17 10:51:26.907,1
1779007890443,7.985304273921568,5.1694427,9.183205243242476,-3.2734215,41.69211,-5.606899363725491,-7.368492,5.612743833102176,-12.503201,6.3779616,-0.769606235607843,0.7449938,9.379810231877697,-21.877905,17.548079,14.817694862789812,11.35360062272572,8.807395854930007,6.606173842301334,43.69618822333775,0.015305796156862748,-0.7644837,4.413591650002957,-5.3334093,18.656412,0.13522220184313724,0.8945831,2.692702562573649,-7.372654,3.1857705,0.257250936745098,-0.30387595,2.2715871831343626,-3.1285107,6.5831356,4.408973946024818,3.3071455366315576,3.4855567266972813,1.074498647326137,19.403808320566455,forehand,2026-05-17 10:51:30.443,1
1779007896798,6.934792903941177,4.7154994,9.16251110803101,-0.75816894,39.911068,-5.173270752686275,-6.528877,3.6853246821605663,-11.049145,4.5909348,-1.1680306579803923,0.39525396,8.264223375538139,-21.608414,8.808174,12.622014623026939,9.51390397797244,9.00398821085731,4.718474110320407,40.88018735104914,0.04420982598039215,-0.47192654,2.1980901796323855,-2.736881,5.200913,-0.6465516896078431,-0.77487034,3.083245687800886,-9.160222,3.0518093,-0.2965050278431372,-0.67020494,1.4252239802648539,-2.4274123,2.6665714,3.495174911108693,3.064129772037519,2.10398478957631,1.1041832481976779,9.947866111555415,forehand,2026-05-17 10:51:36.798,1
1779007901104,7.3649927464705875,4.755025,9.075604371109181,-8.512333,33.849308,-3.4607149509803925,-3.9070256,8.50353175067368,-18.009207,14.764532,-1.7725132075215686,-0.0059886966,9.73808258174215,-22.015646,16.910881,15.710212546221532,15.225412370827597,8.27699245344253,3.6885388503947234,39.67828452757347,0.23012760509803917,-0.90776616,4.346301022441054,-3.5470393,16.841146,-0.08688436980392156,1.0393304,3.150710036054364,-8.568583,3.1777809,0.1441388633333333,-0.5020212,1.9153601784262995,-2.1819944,5.238731,4.366607612992444,3.0948349526021857,3.6221834475878487,1.5355816877763366,17.85862324404059,forehand,2026-05-17 10:51:41.104,1
1779007905167,7.748668526078431,4.0663247,8.23289094714031,-0.24912977,36.946663,-2.87379924,-3.7082007,6.236539321702076,-12.897257,11.20006,-0.1985898372980392,2.1810832,8.664870105154364,-21.12333,10.840738,13.754233288590248,11.504822145120308,7.648477127802858,5.747995246887688,40.88403294998322,0.06457580823529413,-0.60735244,2.932488846934041,-3.273125,7.780263,-0.6966310839215687,-0.37059018,3.376971382723652,-9.073533,2.899605,-0.15069512111764705,-0.42731723,1.6001687935055062,-2.3528414,3.7261424,4.086051560447119,3.286031932938372,2.4610262946923256,0.7461919200584526,9.701848601089923,forehand,2026-05-17 10:51:45.167,1
1779007909641,6.747757777843137,4.448404,7.1895076784281935,-1.7355242,30.34712,-7.647212927450981,-6.524086,3.526477878972561,-16.351536,-2.5008795,-1.0660584043137253,1.6936033,9.460290072919346,-26.04484,10.954523,14.488361280369748,12.706270507138612,6.838336277215812,5.702748750524309,37.90031463839944,-0.5191912703921568,-0.5298521,1.3837439378349266,-2.841147,3.6696815,-0.46018215627450976,0.6028249,3.2554287571430676,-8.895096,3.5160124,-0.09225262088235293,0.287497,1.3240563992999526,-3.177248,1.52697,3.375182946629171,3.1923725662991624,1.7735913842272832,0.9163450673811412,9.624370313975037,forehand,2026-05-17 10:51:49.641,1
1779007913916,6.938480128823529,3.0901673,9.403067519205065,-0.18804507,38.90497,-4.100988786470588,-6.748063,5.719447536366631,-10.752106,11.871992,-0.880314901764706,0.5497623,7.819118505822143,-18.004417,13.815923,13.235359861902477,9.966048616239874,8.404784867006242,6.410363868358265,41.852295882359584,0.4115127564705882,-0.36859274,2.9665541923276955,-4.5098014,6.90925,-0.7902649478627451,-0.29801682,3.068770637609923,-8.034736,2.5489893,-0.18957584994117646,-0.61614114,1.4542796602037027,-2.355904,3.1455555,3.9498784736479644,2.9393785095717786,2.2946790679450038,0.5989038265378053,9.683776258648107,forehand,2026-05-17 10:51:53.916,1
1779007918808,9.971461126470588,6.1479955,10.663967971813602,-0.7976943,45.696148,-6.319342874509804,-7.60804,5.7165161307725585,-15.492758,8.887225,-1.3154464149019611,1.6289254,9.726886646391273,-30.274057,12.004941,16.591414319239888,13.007433552181954,10.205243013251996,7.604284213189372,50.06016466457178,-0.34009343411764703,-0.5375755,2.4204145750815034,-3.7615635,5.849013,-0.6910957473725491,1.2362771,3.9193923568934763,-10.807038,3.303619,-0.39966649384313724,-0.3185238,1.727482127115612,-3.809635,3.336377,4.221260195431205,3.4438737829635757,2.607084512952332,1.2196223587677666,11.024792988123995,forehand,2026-05-17 10:51:58.808,1
1779007921991,12.349678233333334,6.9061646,14.746338204129756,0.7869147,67.8675,-3.4976335390196076,-5.680877,7.10793977800428,-17.302542,9.801101,-2.8561854250980394,-0.69349104,7.87435807402534,-24.792006,9.477711,17.31622115324114,11.724350904434353,14.159737704170354,5.919418648164398,68.52736494532316,0.00020105078431368264,-0.9338659,5.8617307276956865,-7.002996,27.511427,-0.1921842937254902,1.1996576,3.749562948212659,-11.59629,5.173881,-0.31288919784313723,-0.9682217,2.5020034692819273,-4.805155,5.976316,5.481743481287026,3.31080482733603,4.9159088827564235,1.3241508816090135,27.787320166494602,forehand,2026-05-17 10:52:01.991,1
1779007926393,5.624231435490196,3.175207,7.514464515175552,-2.751207,28.568478,-7.097990805882353,-7.397238,2.865493451900988,-13.847064,-1.1414455,0.31904479911764705,3.2674327,8.022057232977827,-20.391512,9.942433,13.061203719140055,10.45806371355304,6.227538488635026,6.264489442276236,30.287381220279634,-0.013136043843137268,-0.46140674,1.7735967553991345,-3.7919245,4.4131255,-0.3805303182352941,0.09787416,2.6207251613017855,-6.637732,2.970048,-0.24321930029411765,-0.17231178,1.1305013462061844,-2.5267513,1.711799,2.9519752700237554,2.635476887501653,1.6160606726863322,0.6263489805052601,8.078568802331958,forehand,2026-05-17 10:52:06.393,1
1779007936056,9.834919021568629,5.377849,11.339977590988033,1.7199535,53.90785,-1.4341167229411764,-2.9200883,7.72884159863265,-9.663361,17.331287,-1.7890702009803923,-0.25990942,7.003224909858501,-21.606018,10.343677,15.139422434996805,11.505829912159172,10.373612990785944,6.135906082437034,55.048435867228655,0.38732421927450983,-1.1807485,4.655032321769176,-4.16358,15.873857,0.002668471568627471,1.2742283,3.4211498559932507,-10.676406,4.2249675,0.22282982780392155,-0.42864886,2.1841423608302613,-2.8284965,5.9203877,4.70353544820114,3.3926971857328754,3.9726607443032607,1.318032399990279,17.09855530943158,forehand,2026-05-17 10:52:16.056,1
1779007939729,8.781495580392157,5.149081,9.294506180166612,1.2276827,36.039974,-3.7766597258823533,-6.1683574,8.688784605919274,-20.983194,13.21346,-2.4542617027843137,0.86357003,8.150922803100798,-23.205,11.489913,15.804155034460836,12.5891969177405,8.53831782136698,4.739498745767787,39.759145400879106,0.06639043892156861,-0.9537071,4.511854163716063,-6.050221,15.301792,0.35135216156862753,1.61246,3.101979160352138,-8.170561,3.2671325,0.05868010456862744,-0.6255956,2.472655040581542,-3.8165596,6.3627524,4.937417733379463,3.6922058568217957,3.3706668892768996,1.5090563241026143,16.460869471316986,forehand,2026-05-17 10:52:19.729,1
1779007943729,11.368541783529412,7.302616,9.979933613771376,-1.7558857,36.325035,-4.627336472156863,-5.8138266,4.656055270974878,-13.086499,6.4067073,-1.5327070343137255,0.5341917,7.300935724458461,-18.360146,14.109368,15.69320826409691,13.18713812190461,8.913167014272505,3.7504634835561816,38.941594139644515,-0.2183258018627451,-1.2257572,3.963116120869705,-5.1252766,11.513597,-0.48892949196078433,-0.32851094,3.120192146831737,-7.4719925,3.539316,-0.6241204026666667,-0.9919246,1.8443575673054564,-3.8762162,3.59045,4.785244791473674,3.9647707945066557,2.485311561680534,1.6604652141865939,12.473500634642688,forehand,2026-05-17 10:52:23.729,1
1779008038309,7.626029432529412,4.414867,10.067829419417167,-4.3621664,43.09825,-5.691022886862745,-6.840289,5.404813581967064,-15.586181,4.9682226,-1.2296320149019608,1.0576038,8.820596889715327,-21.092188,9.602276,14.92630906464076,12.268871982947669,8.66156537519163,5.572305038430881,45.255014625067254,0.17252588735294117,-0.24035762,3.1186448394477573,-4.1221666,12.505521,-0.37771303127450984,0.028629854,2.875728555273908,-8.659133,3.05141,0.22117444388235294,-0.21385837,2.128100914395872,-2.9206448,6.1066813,3.739087265296628,3.0251530163785754,2.9137539824885144,0.44912108361728614,14.657936518421756,forehand,2026-05-17 10:53:58.309,1
1779008041840,9.316767418235294,4.4543924,12.685419409529807,0.39764944,55.82423,-2.850455093529412,-5.3598833,6.047603127185235,-10.615563,9.238163,-0.5808800756862746,1.0408354,8.803608478320463,-22.867239,10.9317665,15.337958617655492,10.564289628493059,11.498209504950339,7.303947783103127,56.544183527810155,0.07311122207843135,-0.4911019,3.3680788760824667,-4.396081,10.8366,-0.4687358750980392,0.5327816,3.154367075777848,-9.690873,2.9157176,0.041128815196078465,-0.64064294,2.02502591634817,-2.4112997,4.752423,4.296206084614471,3.3746803454832115,2.6075788816624312,1.2111315015648583,12.063604033028748,forehand,2026-05-17 10:54:01.840,1
1779008047045,8.996900689803923,4.283116,11.303466691440033,-1.0120897,47.3095,-1.9707507947058822,-4.286709,7.171491177391472,-10.920987,11.867201,-1.7182627239215689,0.61444026,8.006242915661444,-23.72482,9.910094,14.944140635400053,11.30367914610552,10.248941511922347,7.083967841465949,48.32172846389226,0.3407645198039216,-1.0134969,4.585017388975097,-5.333942,16.75619,0.13501855764705886,1.2654396,3.284793513666607,-10.265334,2.9877584,0.16083110598039216,-0.6162743,2.175206291718517,-2.2902553,5.9185233,4.73523302004495,3.26432854933242,3.7197199306860544,1.4767437709010418,17.622071901005018,forehand,2026-05-17 10:54:07.045,1
1779008051718,11.736435721764705,6.1168547,14.280186287567526,-0.54497135,61.69435,-5.340367085098039,-7.4762883,6.665096921710776,-17.231874,14.005165,-2.9801868102156863,-0.043118615,10.354356649365938,-32.992928,8.184153,17.38962682520998,11.312686014753698,15.02533500762301,5.0322297050003835,69.40539508927472,0.07918710078431378,-0.639844,5.156735278159965,-6.4292,20.435192,-0.10662886039215688,1.1672992,3.734544308959694,-12.761724,3.950121,-0.3406260829941176,-1.2217624,2.86067883757161,-3.9457266,7.337499,5.540099524010946,4.178339099834571,4.189511464797174,1.4349745132961953,21.591200447261567,forehand,2026-05-17 10:54:11.718,1
1779008060860,11.59134492352941,8.777034,11.88749778848873,-7.2247634,43.791744,-3.521118622462745,-3.7189806,6.950827039572918,-16.786316,9.810682,-2.6907799361960785,0.1281581,9.626605390058195,-27.5492,8.723135,17.580933910747337,12.828554991534599,11.140238632163484,6.26150798371196,49.25425317441514,-0.0923283261568627,-0.59430254,3.682316111351577,-4.7309837,11.13981,-1.0154864737254903,-0.46873066,3.240308872749143,-10.2925,3.607628,0.38865061707843135,-0.15966138,2.5115442665218084,-3.8756833,5.964864,4.669725218439467,3.995093322463018,3.0559859590126046,0.3195790874358651,13.262887418731669,forehand,2026-05-17 10:54:20.860,1
1779008067352,7.574925929215686,5.577872,7.869166221868667,-3.311749,35.175205,-4.641051796078432,-7.506232,7.797388242178295,-19.075195,17.08575,-0.3123047517647058,2.9907548,8.621519911241924,-24.130854,13.429052,14.530775183810855,11.287773523185429,7.8920261566696945,6.860093125620976,40.4155233882856,-0.08207746964705877,-0.66075045,4.1434190867043,-4.053455,17.935472,0.14301611254901958,0.48870498,2.6319651279162994,-8.025015,3.2895038,0.4240952374117647,0.07536976,1.9611463293793479,-2.6034524,6.031711,3.979054065938103,3.2546474659156814,3.4645225406517897,1.0937077966015163,18.54624756651317,forehand,2026-05-17 10:54:27.352,1
1779008071808,7.387350576470588,3.6303477,9.050205660565352,-0.9366321,35.96811,-4.365595247254902,-4.874799,5.365735865878604,-12.843358,7.726616,-0.3571141360980392,0.30542353,8.198047082403086,-20.956844,11.148557,13.777391895732498,10.936646541397469,7.71534450141704,7.215085289190559,37.42360823964846,0.18063570905294118,-0.50455123,2.622871032198479,-5.1283393,6.058743,-0.6085064929411764,-0.6544918,3.2130703635218705,-8.587625,2.9051979,0.1758732059411765,-0.44063345,1.446113784228634,-1.6352308,3.2892375,3.773179266793853,3.0021813672301447,2.283728724322796,1.0316726995691967,9.373056942976584,forehand,2026-05-17 10:54:31.808,1
1779008076221,7.140287510333334,3.6543026,8.067897984009086,-1.1677958,29.829697,-5.315050269607843,-7.069057,5.120088056558089,-12.554703,9.221395,-0.6707339936470589,0.9210615,7.578626653516613,-15.28435,12.63016,13.134610415457468,10.792108776925819,7.351906360408227,4.0123188472171565,32.66282316903248,-0.020540926666666577,-0.7937794,3.5613209938896304,-4.386893,10.313938,-0.06826516627450978,0.029295666,2.8498513843110476,-6.61869,3.458087,-0.1999990570588235,-0.75462973,1.8978726789793128,-2.2725446,4.4870305,4.2996080654763995,3.7171613211259675,2.3656293141315365,1.3362902206308176,12.049440807356659,forehand,2026-05-17 10:54:36.221,1
1779008079664,7.354917609607844,5.8150244,10.949980990077588,-8.483587,50.04993,-4.370409731960784,-4.51907,6.311003618430401,-17.46304,7.606842,-0.040676149137254994,0.7653554,7.827082841014987,-20.316053,14.730995,14.201597388766618,11.038709575976727,9.48345338942269,2.230884105379942,51.40649563658468,0.575994074117647,-0.41107145,3.985735446608314,-4.002054,13.68081,-0.3458141874509804,0.22863935,2.913664095459282,-9.919246,3.508955,0.026535820156862736,-0.356475,1.5073605704068653,-1.9431016,4.4103293,4.109499230282904,3.277365829510943,3.1437270539101863,0.44584176196765335,14.383622537781614,forehand,2026-05-17 10:54:39.664,1
1779008180065,7.652168329607844,3.6734664,10.85325579286393,-3.486619,37.06524,-6.696278410588236,-7.7972827,4.54368210276306,-16.477299,3.081783,1.632095878235294,1.2528353,6.480164145111239,-10.777258,19.439308,13.636708578861466,10.307469535264651,9.946480347709215,1.5606505563172124,41.44054890398081,0.28887038629411765,0.85410184,2.539626256392105,-6.6069717,4.050525,0.43759943529411766,-1.0063062,2.9999593419389363,-2.8676462,8.76513,-0.09707518470588235,1.2908735,2.268520582297577,-4.9016976,3.3936365,4.017790657412124,3.300924528319417,2.1024268886471407,1.7219779501608092,9.380390203677935,backhand,2026-05-17 10:56:20.065,1
1779008184648,4.983393851960785,1.4480668,11.579284514354427,-6.2965155,38.71333,-7.3230014117647055,-7.3205824,4.069288323845713,-18.496687,4.201669,2.5763606614509804,1.3845866,5.021286104498028,-14.050679,12.637347,13.660163777286972,10.166236661921678,8.504136507731902,5.123679070843195,39.57129008120143,-0.014438961843137244,0.5705997,1.6961652495039778,-6.3331904,2.2847955,0.666891528882353,-0.32837778,3.0205588027844232,-2.389461,8.602805,-0.4655034282745098,-0.27005276,2.149593763377696,-6.147163,2.45258,3.2919967301971558,2.5347633027082788,2.49847898181609,0.5527198074005059,10.966477278372357,backhand,2026-05-17 10:56:24.648,1
1779008205338,5.7816048586274515,2.4385972,10.763344857665594,-3.698619,38.398323,-7.659495675882353,-7.089419,4.768812734136364,-22.549837,0.6204289,1.5281040189019608,3.2135344,8.258729991131327,-20.075308,20.622675,13.990154053300634,10.454442606905246,10.17238512328982,3.020652398820111,42.240878530900474,0.09097324027450981,0.6077519,1.9235915408680178,-7.5767913,3.5259998,0.4197896383333333,-1.1583773,3.6267256990067223,-2.3251438,10.554029,-0.41461983147058823,-0.35034952,2.0985566645106526,-5.721177,2.4804108,3.501302507193936,2.338527496481065,3.0193574500768174,0.7521766452966675,12.230583230333004,backhand,2026-05-17 10:56:45.338,1
1779008213035,6.183763463921569,2.6769474,9.922334442175547,-3.8231838,35.863907,-9.160732694117648,-8.623723,3.729419854333242,-21.337725,-2.7679756,1.3183351764705884,2.0792754,5.662067789346271,-14.830408,11.972602,13.930897324389223,10.020605449639755,8.534804482704681,6.154040496494839,40.60184814042552,0.18675072660784314,0.20733342,1.027938019273405,-4.125895,2.2870593,0.5765553955686274,-1.0985875,3.3624587982519687,-2.393456,9.775031,-0.808999039490196,-0.6953726,2.1249874291296726,-6.4048314,1.8669329,3.1922371483224663,2.1980302312881075,2.7434246073182296,0.8211802999286119,11.716933275169927,backhand,2026-05-17 10:56:53.035,1
1779008217064,8.706953909019608,3.5824382,13.536695558604746,-2.7260547,55.97275,-8.474921305882352,-8.36022,6.246256851371907,-30.572294,4.3358164,-4.310968867058824,-1.1378523,12.183788548803115,-42.8084,15.275967,17.57180316445106,12.21730482271528,15.010100226566745,3.427626971621816,70.90664426307224,0.06350526652941177,0.6535597,2.6034504729295898,-10.229647,2.5557804,1.1518575430392157,-0.12144385,4.626330928768,-3.240367,14.614276,-0.42847653401960784,0.13209683,2.6600131349839016,-9.815513,2.4507155,4.2057244498363096,2.4007094419410846,4.331208892510171,0.45939412594436785,16.20219068132835,backhand,2026-05-17 10:56:57.064,1
1779008226667,7.071875376666666,2.558371,10.154618792450059,-2.7116816,37.25089,-8.488448728627452,-8.3434515,4.178400464989912,-18.42722,-0.89471126,-1.2535163578294117,-0.0011977393,8.06896426498781,-28.815212,14.382453,14.90956692038073,11.771519868935712,9.222343750722349,5.442398324699526,44.855001950610514,-0.03334796574509804,0.75715977,2.62667036803002,-7.125771,3.012926,0.5941406578431373,-0.9847339,3.675979201987781,-3.1297092,10.136434,-0.46979593748235293,0.5550197,2.127593413417177,-6.7368045,2.4648309,4.011252893239309,2.9056979806455625,3.018814532092882,1.138612249309224,12.03239452112277,backhand,2026-05-17 10:57:06.667,1
1779008232713,5.75041668,1.672044,9.213622204410743,-1.1833664,34.88056,-7.852261220588235,-8.173373,4.046892430255722,-18.750608,0.7485871,-0.5724019572549018,1.1282704,8.1978220225917,-20.441816,15.711944,13.954185462806958,10.479082198357322,8.173908595573977,7.889998405447597,42.142135373690316,0.14614411294313726,0.5528891,2.958319624634273,-13.211014,5.6884193,0.6407656501176471,-0.80829406,2.9770882544550346,-2.6362104,9.100166,-0.2243677319607843,0.7346554,2.2582914482309193,-5.5485992,4.8345838,3.6710152335722825,2.4529780352568094,3.0758145312567646,1.0503291869798779,14.470922809029172,backhand,2026-05-17 10:57:12.713,1
1779008236465,6.406402042549019,1.1091065,14.586343473155361,-6.43186,47.444847,-6.969503939215686,-6.4019165,3.7142235911581656,-15.519108,2.1906652,-1.1961658098039216,-1.1749822,7.588535386940644,-21.535353,13.617098,15.076967321994141,10.382514937229605,12.047789019256765,4.262113170189508,49.96048073875092,-0.5025381715294117,0.23809387,2.187633141869035,-7.98227,2.0090168,0.9540073448431372,-0.60415655,3.300681506908107,-2.1336565,9.972511,-0.15884413062745098,0.31905642,2.040977824501467,-5.793484,2.704789,3.47412494232929,2.0244883843939747,2.9574578380342738,1.314094787358404,11.971219676447546,backhand,2026-05-17 10:57:16.465,1
1779008249998,7.261188710980392,1.4025527,16.289618378431882,-7.593667,54.758244,-5.962768833921569,-5.8138266,3.7447142746824555,-13.794363,4.7574205,1.6140358671176471,1.8780552,3.929471032849262,-6.374368,10.438298,14.958568104779042,9.417834308348686,12.62076212929347,4.639585777816474,55.872741511687856,-0.3396678352156863,0.3641984,2.075777684911611,-6.8886094,2.0405762,0.9032360276666667,-0.74437624,3.3559284663249214,-2.2857277,11.063375,-0.5184810743137255,0.5370428,2.6056656973120402,-8.2559185,2.0713367,3.603518376843904,2.1415175764733165,3.21552232714734,0.8977759452099262,13.387444598277037,backhand,2026-05-17 10:57:29.998,1
1779008261858,5.94245424,3.2961786,11.428731614759398,-6.946888,38.872627,-8.18048872745098,-7.4762883,4.30573597630557,-26.653292,1.1138976,2.033737835882353,1.7690609,5.468404588436599,-8.705169,14.056668,14.027438723548022,9.97487252575064,9.319384756113033,5.45510481651561,47.28554057447653,0.26597175052352945,0.7751367,1.575467839949273,-5.153507,2.564303,0.4642161779411764,-1.2179008,3.1709813584693927,-2.8874874,8.365777,-0.1986387153176471,0.5764588,2.59872243488739,-6.9450703,2.342588,3.5911708793897064,2.5736904464024173,2.543295186165153,0.6505287611641128,11.07292681841581,backhand,2026-05-17 10:57:41.858,1
1779008266313,6.667791017607843,0.71505034,15.213164906783211,-7.4858704,49.24984,-5.842830520784314,-5.8773065,4.29160701155477,-19.14706,3.0302804,-0.10382753254901962,2.2529476,5.615241502975343,-12.769098,8.43448,14.515635994985637,10.10821436915241,12.110017162389573,4.300318628548843,50.35242373491005,-0.8520547800784314,-0.066847384,2.7998696352852703,-9.270081,2.2255385,0.6944091388627451,-0.6137442,3.2310988877639883,-2.8581917,8.7396965,-0.07495983198039217,0.6879155,2.685863025401941,-7.5011554,3.5972414,4.013931112991119,2.4373376065691783,3.208948602459329,1.7213707202998254,12.565497735658532,backhand,2026-05-17 10:57:46.313,1
1779008270367,7.192119032686274,3.1141222,10.549267830948265,-1.9403377,35.09496,-10.190788482352941,-8.686006,4.229887279230226,-29.028408,-3.877082,-0.6311381792941176,-0.918666,7.439272030432696,-13.468578,19.440506,15.577986131951226,11.186429308116196,9.802615194133907,7.137805356251428,46.35735991475447,0.6983491510980392,0.87820417,1.5872626023911987,-3.7169542,6.502972,0.9435267127450981,-0.74091405,3.8671401266846357,-2.8506014,11.718799,-0.31848201751960786,0.29841632,2.385182764440553,-6.8935366,2.1769342,3.683949929955635,2.6598949978594453,3.2907913348898163,0.9627848398392743,13.481669306119523,backhand,2026-05-17 10:57:50.367,1
1779008274168,6.526128965882353,0.8803384,14.72811415250907,-7.853576,47.75626,-5.30476372227451,-6.6809897,5.21686921766962,-19.751919,4.2076583,0.5128907333333333,1.9163828,4.911998726218661,-7.648763,8.093124,14.27175275386706,9.724184392173594,11.529008206632627,4.494646684549383,49.28937467399166,-0.45945890384313726,-0.014381508,2.08891915923523,-6.968773,2.4355352,0.8641751452941177,-0.7599562,3.4702279249309345,-2.6472628,8.88684,-0.3358165754901961,0.506016,2.636414573852949,-8.039396,2.910258,3.8391491459575775,2.508730866936328,3.0683850539033326,1.3655070345572833,13.110925421723717,backhand,2026-05-17 10:57:54.168,1
1779008277824,5.86535278345098,1.4384849,13.178094815939899,-7.0954075,43.901936,-8.332108523529412,-7.9290338,4.640832398867078,-26.692818,-1.1642026,0.7741622866666666,2.4877045,6.46836701784678,-14.887899,12.558296,14.71702015710736,10.107775506060833,11.073889185228314,7.850229989665211,50.918808976147645,-0.13559035184313725,-0.019974317,1.6007702064151983,-5.728368,2.0751984,1.0112488164313724,-0.60828453,3.4987435464035643,-1.931916,9.544794,-0.38641296382352947,0.46833116,2.561770924128397,-7.480249,2.5404668,3.458777126279042,2.0310071430764767,3.221501249444909,0.9467638445254956,12.455141977682992,backhand,2026-05-17 10:57:57.824,1
1779008296556,5.502273192927451,1.198937,12.284308808508912,-5.609013,44.8745,-8.631331994117648,-8.4225025,4.490594782519913,-25.48909,0.5485646,0.3660854262156863,0.9174683,6.582382516765193,-12.579856,13.571584,14.500709751354782,10.558668875091318,10.340626106756327,6.952497572432587,48.06209102810686,0.052152548862745084,0.28936127,1.076852499816025,-4.859485,1.4131163,0.8810449545098039,-0.81069094,3.4850596867149966,-2.4147618,9.434003,-0.6360867137647059,-0.008921862,2.280026377530861,-6.939078,1.8746563,3.353250695577922,2.039018764105684,2.870859507607759,1.3938706539545864,11.75234063505225,backhand,2026-05-17 10:58:16.556,1
1779008308542,4.924352305411764,1.4540554,10.604016650706104,-5.9467754,33.02167,-8.928065884313725,-7.9913163,4.214246539174818,-26.150242,-3.050642,1.0281065124313726,2.8613992,6.634913161934611,-19.2321,11.321032,13.880115117649757,10.390395063712457,9.2104999505809,7.322275682187655,45.977144186252076,0.0768267052745098,0.19175345,1.359946976628394,-6.550777,1.7649307,0.7915547903921569,-0.93200165,3.4966636509263074,-2.4951918,10.519674,-0.6927093295098039,0.120644875,2.4522999929427156,-7.8750744,1.3585199,3.381432063372548,1.8778385706476104,3.092196139001438,0.6100782089135622,12.485771364158445,backhand,2026-05-17 10:58:28.542,1
1779008353089,5.9648120549019605,1.561852,13.114742020667812,-7.750571,44.303177,-5.699618452156862,-5.6653066,3.58089970653717,-14.861548,0.88872254,2.4149711480392155,3.3249242,4.183632061321164,-5.7479506,10.404761,13.055179026181863,8.422423931763761,10.190695667320739,3.9995110213553,45.31504651565393,-0.6865943110588235,-0.18482901,1.8881688441541682,-6.866105,1.7325723,0.47513287529411763,-0.7772673,2.9668342133657624,-2.5211585,7.6845193,-0.3582791992156863,0.8056308,2.7471177263403663,-7.6641455,2.073201,3.5585096258747497,2.199318835974525,2.7999517111555314,1.1627888282589576,10.980739848246754,backhand,2026-05-17 10:59:13.089,1
1779008357514,4.528464325098039,1.7271401,12.252484405448591,-8.541079,40.75667,-7.995802110196078,-7.0870233,6.109086096906218,-29.423662,2.269716,1.1403887193019608,1.8804506,9.44663645296362,-20.316053,20.71011,15.419477194180958,11.958140829763801,11.02827721533821,3.27311979576942,50.9501003167449,0.38250425503921565,0.7775336,3.0089851855813814,-13.9279585,5.3939977,0.7354282607254902,-0.46846431,2.899064062194685,-1.8236552,8.4205065,0.05192538501960786,0.4116041,2.6746576324587155,-6.5619626,5.8159885,3.7146248617258,2.3787589184726183,3.3528508468111986,0.35955362115532724,16.46333601882942,backhand,2026-05-17 10:59:17.514,1
1779008374318,4.365665720980392,1.4169255,10.7790287745554,-8.605757,37.51559,-8.45143613137255,-8.303926,3.8673438955920014,-25.013586,0.7929034,2.3930595490196076,4.188494,6.591980878459492,-15.183741,14.511809,14.037602486269117,10.652587934138227,8.46991425873677,8.643416748952301,45.717718247835364,0.38177839592745094,0.3751177,1.94528258656047,-6.4904547,3.46621,0.795385185882353,-0.9241451,3.156771614803239,-1.7240499,8.868731,0.06740875737254899,1.0674275,2.5527697456827054,-7.6088834,2.5294144,3.5823697689984173,2.539610710842,2.823919106960336,0.8087652002825493,11.509757762957792,backhand,2026-05-17 10:59:34.318,1
1779008379703,4.748918808235294,1.7966089,11.504654387953288,-7.430774,35.472248,-7.648081919607844,-6.4067073,4.756452582337071,-21.681477,1.3067335,2.5827486117647056,3.6063929,6.291405951704833,-18.04514,15.674814,13.753217646985062,9.72877678301845,9.544578769057587,5.8002070634550185,39.69056290636309,0.1964245526980392,0.70602554,1.355734759847632,-2.8984067,2.3296711,0.6091539943137255,-0.7244019,3.484854494992911,-2.3119607,10.322727,0.012830570568627448,0.6703381,2.1783451907526286,-6.1936364,2.1083558,3.469509277620812,2.4210132637777804,2.620531048077172,1.1226247605905906,11.587647419352638,backhand,2026-05-17 10:59:39.703,1
1779008384792,5.75065156882353,1.1594117,13.366056119047,-7.2750683,41.917282,-6.801303800509804,-5.385036,5.770639078004127,-30.434555,0.5341917,1.215118207254902,2.246959,5.596723681710163,-10.843134,13.304488,13.90386969246435,9.57486464849776,11.336288066851562,4.635503180623087,50.48265748621181,-0.3802326815490197,-0.004128026,1.8705403266961287,-4.4573355,1.8552146,0.9990605199019608,-0.40814188,3.3452017942017087,-2.2183478,9.836153,-0.1439090957843137,0.75516236,2.4143653285526723,-6.3816614,2.4531126,3.716175533351556,2.377538938117638,2.7602487398985946,1.589658187611835,11.904905258000145,backhand,2026-05-17 10:59:44.792,1
1779008388497,5.436092250490196,1.2324737,12.40396874719901,-8.300333,40.94232,-6.706048247058824,-7.23195,3.668331310720075,-18.529026,1.9151851,2.22814729627451,1.6193435,5.368028835843447,-6.1911144,15.193322,13.938159632796314,10.02392830961398,8.890986891841356,5.167796475951046,45.36439428676375,0.05314474278431373,0.119313255,1.7715759460832727,-3.5438435,3.0667236,0.7111797192156862,-0.64876586,3.146431601449989,-2.81012,8.115699,-0.22161570401960787,0.55675083,2.4216851953325595,-6.425738,2.183326,3.715985670164627,2.5896945908358977,2.3210386934016465,1.3242477424874282,10.72248001472168,backhand,2026-05-17 10:59:48.497,1
1779008393048,7.49688491490196,1.9283602,15.609002474563047,-8.077554,51.89924,-8.463577943137254,-7.218775,6.508362638314851,-34.831455,-0.4515477,-0.1845222647058823,2.7248569,7.320961202785417,-24.076954,10.144852,16.385118139822584,11.499945659243307,14.0064824346883,3.569619392557512,62.77682603832039,-0.30521538490196076,-0.3624673,1.7878296519938697,-4.178627,3.1604698,0.5552259541176471,-1.0304085,4.199038618306777,-4.116174,10.87242,-0.4909217237647059,0.50321966,2.652900062653,-8.186141,2.1803966,4.128856838421581,2.560899553573909,3.3366174662005337,1.3667361310035147,13.832634713879422,backhand,2026-05-17 10:59:53.048,1
1779008393293,6.682985849215686,1.3881798,15.129334291995885,-8.077554,51.89924,-9.42724142745098,-7.7206273,7.07412723737052,-34.831455,-1.1222817,-1.602340249745098,-0.021559307,6.541032097614772,-24.076954,10.144852,15.903463833908003,11.499945659243307,14.232754357689561,2.91954843062721,62.77682603832039,-0.4089016749803922,-0.04793836,1.7173172684159852,-4.178627,3.1604698,0.46428667274509805,-0.65475816,4.21919808717755,-5.2230177,10.87242,-0.9158472701372549,-0.41346836,2.2406971147259087,-8.186141,2.1803966,3.822487991332854,2.890316770706937,3.480497323840431,0.7748882442166289,13.832634713879422,backhand,2026-05-17 10:59:53.293,1
1779008395675,7.063890388764706,2.3092413,15.760256576307803,-7.3157916,53.119736,-9.671251449411765,-6.986413,7.689922101161812,-39.941013,-0.34494892,-0.8445705960392157,0.9977168,8.523916216581682,-20.488527,16.98514,17.32672977570196,11.49983671065836,14.865588164277177,7.229290907581978,68.5537477348313,0.27174472582352943,0.43823653,1.9591387535893066,-5.98577,3.2041469,0.7420680743137255,-1.1585104,3.79241382375937,-2.2945163,10.517144,-0.2318639425156863,0.8792695,2.6204505637571245,-7.238293,3.1041422,3.9468763986189264,2.4152121086501386,3.144810802646148,1.1908372123238062,12.357931518859703,backhand,2026-05-17 10:59:55.675,1
1779008407901,10.578644605039216,2.4637496,15.69615318403415,-1.121084,57.201633,-8.793660784313726,-8.725531,3.852877342651278,-21.069431,-4.0771046,-3.784433411764706,2.1092188,12.358139213445837,-34.418236,18.736235,19.28107252371721,11.082329376600638,15.568295702185265,7.870968782465645,68.49822840836211,0.046551910235294126,0.10786132,1.514501468274692,-4.9585576,2.9669852,1.67021848372549,-0.47512242,4.803200961863369,-2.368954,14.41946,0.08133073890196074,1.0245494,2.376572538704212,-6.9215007,2.4850714,4.048315587831976,2.3589910757537553,4.141291430506773,0.4413189606734076,15.636110528639948,backhand,2026-05-17 11:00:07.901,1
1779008514495,7.031457512941176,3.9249916,8.005917870427695,0.06587566,32.89591,-8.43450347745098,-8.954299,5.159225811803039,-20.246584,1.396564,-2.7682807968098038,-0.34135568,10.506956816797363,-31.00348,14.934611,15.624497436938745,13.383782185869562,9.105580135135442,6.066098537786607,40.17869617729448,-0.8708619773921569,-0.5217292,1.846578283059706,-3.7728822,6.3237357,-0.6151750266666667,1.0016454,3.3972127412238198,-7.9730816,2.9820325,-0.380509447,-0.45647973,1.3633534743004752,-2.6015882,2.8374183,3.6780303382583686,3.0726686659917988,2.0780842261663817,1.0243234087061528,9.68898426502714,lob_forehand,2026-05-17 11:01:54.495,1
1779008520697,7.327322625098039,3.854325,9.673214091770653,-1.3342816,45.48894,-7.151207990784314,-8.309915,5.746844176526639,-19.330315,6.1994987,-1.3848215047058823,1.6576711,7.665048123388824,-24.467419,7.497848,13.665355765294983,9.51266373944812,10.186047853592287,3.458444204118547,47.46690317508932,-0.302327609254902,-0.50841296,1.5464322727357764,-2.8434107,5.113825,-0.9608064638039217,-0.05339801,3.1168797932286285,-9.941617,2.2532363,-0.6005976962352941,-0.62239975,1.6832094194912055,-3.4596848,3.4477003,3.4515923024531068,3.0068987132526876,2.0470957887519274,1.1460822060975469,10.289034208880832,lob_forehand,2026-05-17 11:02:00.697,1
1779008525330,6.07357147127451,2.9021223,10.703786833410774,-6.2318373,41.556763,-7.024552943333333,-7.5038366,6.6941258005739215,-23.559532,5.727589,-1.9512581410392156,0.78571695,9.39199120291794,-28.134895,12.284014,14.619962281279333,10.461969457423217,11.018826243114805,2.0547219465740327,50.50236783735548,-0.4775454722156863,-0.7241356,2.101753349443397,-3.667684,6.03797,-0.5712941807843137,0.33410376,3.0648455951260885,-9.175535,3.0423548,-0.15708170224509801,-0.3455557,1.8710957193041866,-3.6710134,3.805374,3.5866005630226825,3.2555957028155214,2.1866299622539795,0.7731811918297218,9.851896963866102,lob_forehand,2026-05-17 11:02:05.330,1
1779008530668,6.634371748039216,2.4362016,10.09997076347454,-1.869671,42.856308,-4.06815664117647,-7.6104355,7.5349431919030545,-15.074746,11.741438,-2.317414121372549,1.0480219,8.54586069378108,-27.619867,6.0713406,13.603250293028596,9.586479123601197,10.50338162125476,3.5059513533197535,51.92173962356763,0.14360620941764707,-0.3799115,3.6202647501880274,-4.4333663,14.89911,-0.47430518972549013,0.50814664,3.1768247693921827,-10.219793,2.4745517,-0.21687929047058824,-0.70882195,2.1202133105401555,-4.01031,5.903876,3.9639283347105616,3.016323212539467,3.4590940776701777,0.6465173899069792,16.396816688276004,lob_forehand,2026-05-17 11:02:10.668,1
1779008536557,9.440393070862745,7.203204,9.02443589477725,-2.5703485,32.669537,-7.816470001960785,-8.705169,4.7903920578821175,-17.851107,3.3979864,-2.4289682669607844,-0.41681325,7.645223785722582,-22.759441,13.246996,15.29616305198843,13.31823117136526,9.133792395321437,2.2545274787762293,41.825895380835,-0.12977040411764704,-0.7109525,1.9268474589529028,-3.1849716,6.0124025,-0.7235716179411764,-0.6162743,2.911458085348644,-8.086669,2.9419506,-1.0438813384313725,-1.1530508,1.896661020312803,-4.6657343,2.3371284,3.754787607593723,3.548729503707627,1.7518390176449463,0.9434893761075499,8.4922325367452,lob_forehand,2026-05-17 11:02:16.557,1
1779008541052,6.454147215392157,4.3118615,7.760967948110782,-2.9919527,30.755548,-4.365736087843137,-7.4714975,7.7111036700067945,-13.390725,11.146162,-1.2667619796078433,1.5414904,8.44623333446896,-23.379871,12.528353,13.515394857164823,10.474343010917993,8.263180113535814,1.8522119122519567,36.783336646564486,0.032541180345097995,-0.43317637,3.4300250806241652,-4.029219,13.923964,-0.13589323501960784,0.1972131,3.0296358030545685,-8.588158,3.5267987,0.11769442698039216,-0.28030625,2.253541970183879,-3.4660769,5.3238215,4.2479601619312595,3.5499877548721046,2.765898254018262,1.1954098753543025,15.2874881718849,lob_forehand,2026-05-17 11:02:21.052,1
1779008546578,7.367388163333334,3.8231838,9.660811571814888,-2.1343713,43.219223,-4.165314448039216,-7.0618706,8.755547683289688,-17.280983,14.666317,-2.529648810392157,-0.65755886,9.096364581855147,-29.40929,8.341056,14.84057204997463,11.645490413145403,10.376667921007838,2.5646447808189694,47.92523019191797,0.007070660882352975,-0.7658153,3.122680593196134,-3.5413134,12.339468,-0.5231808834509803,0.5327816,3.123018507720539,-9.168744,3.1894991,0.13517783307843134,-0.30960193,2.4605822667909414,-3.082703,6.0711274,4.144768263191103,3.546619467737775,2.886873715081655,0.6346283619505493,14.341301355889565,lob_forehand,2026-05-17 11:02:26.578,1
1779008552856,5.562653496666667,3.849534,10.246447802672218,-8.048808,47.86166,-5.491845859019608,-7.041509,5.390603691932288,-18.826065,3.9944606,-0.8492676141568628,0.30063257,9.284312763028378,-25.280684,12.811019,13.72851586567738,11.070839510133576,9.54287213248669,3.562115544830848,48.53510284762336,0.5061831592941177,-0.16392256,2.928757140440182,-2.2199457,12.526028,-0.36655615737254904,-0.046739902,2.7963780817810258,-9.052894,2.6837492,0.2008633247647059,-0.046340417,1.9242356569566144,-2.337794,5.7550006,3.3853928722815887,2.3617007414514832,2.974807309710196,0.9149758382903433,14.387896687353784,lob_forehand,2026-05-17 11:02:32.856,1
1779008558968,5.704620755960784,2.783546,10.048883025199162,-8.055994,37.109554,-7.2352845980392155,-7.56013,3.226571039569915,-14.711831,-1.2684059,-1.4113360662745098,1.529513,11.73229606881476,-32.930645,13.243403,15.259378458396709,11.355802289177616,10.007675409803623,7.998788834779889,49.77116583198566,-0.16979997617647058,-0.13316211,1.150412815117888,-2.783754,3.0278401,-0.7833379092607843,0.76514953,3.4111469977896105,-9.198839,2.8011982,-0.28051514501960784,-0.29814997,1.0605959163023309,-1.9950348,2.0899794,3.0938178934774134,2.415664937571827,2.2487008876202803,0.6296402338216799,9.297600173185378,lob_forehand,2026-05-17 11:02:38.968,1
1779008564580,5.04283461372549,1.8349366,9.772111986563488,-4.424449,37.04368,-6.940241452941177,-8.365011,3.9154039303281922,-15.028034,1.0947337,-1.2720929922431372,1.0851518,10.210900351217516,-26.328705,11.338998,14.268748279077446,10.114738292451774,9.172654228941903,6.093882191581464,41.61904359278633,0.3168788359313725,-0.05912398,1.5644614680293447,-3.095753,3.7775428,-0.7643505843137255,-0.32891044,3.184096546263199,-8.396804,2.6553857,-0.1967874964960784,-0.5606125,1.1340100720198916,-1.6012745,2.9340942,3.221873357779391,2.7751960789668684,2.0054298217287565,0.4887585681679106,8.563891042661302,lob_forehand,2026-05-17 11:02:44.580,1
1779008570645,7.9062534882352935,4.764607,11.472790929175826,-5.14429,49.572033,-3.2163762270588236,-5.856945,8.484870701359629,-19.233297,11.95224,-2.3062117522941175,0.5976719,9.666894791728337,-29.87042,11.840851,15.773767048202108,11.876279097743913,11.09120550560683,6.086714855768799,55.43163619930327,0.6240263925490196,-0.10280115,3.5128734180263317,-2.749132,16.168278,-0.4158026345098039,0.09640937,3.064951815330787,-8.800951,2.9041326,0.3660130456862745,-0.5543539,2.3715198534372717,-1.9259237,7.0000663,3.922088039788531,2.9667958813082858,3.5182491751424356,0.48896960056556016,17.850038985873592,lob_forehand,2026-05-17 11:02:50.645,1
1779008576742,6.286628184019608,2.8254669,10.249729858587589,-1.6097616,44.06962,-5.259507977843136,-8.117079,5.541971256112383,-12.30198,6.1204476,-1.3261322154764705,0.8180559,9.598129680010993,-25.678331,10.929371,13.974158849463159,9.954735572930327,9.951554788666243,4.625068763945008,44.76370156892715,-0.06115274160784314,-0.4056118,1.5527255287351194,-2.603053,4.1884813,-0.753877735882353,-0.14248346,3.221346318554624,-7.902639,2.627555,-0.06566720705882352,-0.47352448,1.4161973896281632,-1.6502781,2.6773574,3.2944671895856814,2.674134924307454,2.0762876784487805,0.7552236171914481,8.074792030854983,lob_forehand,2026-05-17 11:02:56.742,1
1779008581642,8.585324532117648,6.2857356,9.702409870415396,-1.8936257,41.080063,-6.7775367972549025,-7.114571,6.229251631834096,-20.96882,6.903769,-3.014239972078431,-0.123367146,11.484316050804383,-32.71505,10.3376875,16.931296927501425,13.38435526263546,10.184825489394804,7.242679661449677,49.381074792993836,-0.7457887847862745,-0.5086793,1.6513678319396436,-3.6622245,2.170942,-0.7588047331372548,0.17137964,3.5096205022161215,-9.454244,4.017368,-0.5863258625294118,-0.5094783,1.7645926001616965,-4.013107,1.9850477,3.9389945562641207,3.9241551439054674,1.958960432619788,1.2119952844566992,9.722250924638233,lob_forehand,2026-05-17 11:03:01.642,1
1779008589519,4.829167317843137,3.844743,9.944598716952964,-7.018752,35.608788,-6.395176166666666,-6.5336676,3.0292848364055764,-10.828761,3.2865965,-2.8052932752941175,-1.1773777,9.13038207200875,-31.620317,7.8619604,13.295858151163829,9.738622382671986,9.200577582116454,5.823315084686296,48.58563306452236,0.42420229470588233,-0.09760783,1.9696660776971908,-2.6403384,4.626851,-0.7117123625490196,-0.38603696,2.9716115474579587,-8.521044,2.6166356,-0.0317500240490196,-0.20946401,0.7954130237061817,-1.2790221,1.5232414,3.2566607719867546,3.040606319770973,1.7961139423900412,0.9584421245050705,8.627616558239131,lob_forehand,2026-05-17 11:03:09.519,1
1779008596052,5.2255250870588235,2.7392297,10.3320614998761,-3.9465508,41.16989,-4.343801113921569,-8.096718,7.1955888425613805,-15.926339,7.92065,-1.4793489595490197,0.33416927,10.591200273187788,-32.29704,11.196466,14.603319260225403,10.288059915490829,10.12471740571763,6.806007725895814,48.20003403952353,0.5449359540960784,-0.027964044,2.1482790579591544,-3.2037473,7.8059635,-0.5101910833333333,-0.2840348,3.043065518318919,-9.57662,3.3337135,0.44822890115686276,0.156066,1.4452899952843272,-1.1758215,4.1460023,3.1801522510215645,2.4798101936702963,2.5341469161683037,0.36680001843331744,10.308390473586655,lob_forehand,2026-05-17 11:03:16.052,1
1779008602293,6.561168778823529,2.4685407,10.883008109649907,-4.131003,48.084442,-4.256178185196078,-6.247408,7.022018377188368,-15.549051,9.607067,-1.1597638333333333,1.5247221,9.991239746500456,-26.577835,10.735337,14.922702663412863,10.44651665101276,10.207443600152299,6.398824823866274,49.82955634214717,0.6233658265686275,0.21891852,2.694206441635962,-2.951938,11.247139,-0.4582447830784314,0.05033528,2.989388881817896,-9.300708,3.0122602,0.3480779361568628,-0.10959242,1.8752548996370986,-2.161887,5.6624527,3.3155558382100834,2.4949075640994667,3.038607010320781,0.6479299352523886,13.44920872908553,lob_forehand,2026-05-17 11:03:22.293,1
1779008630569,4.9459351323529415,1.952315,9.291995774272703,-2.7500093,42.804806,-6.309690541705882,-6.8163342,3.7544736362780853,-12.300782,2.320021,-2.061990372745098,1.1174908,10.27275141388209,-32.311413,8.915971,13.182879469633514,9.564412910623806,9.929723101023958,2.8025386720417407,44.49273855676225,0.05802213422941177,-0.25860083,1.8998915161186796,-2.8037283,7.2492123,-0.6255355671960785,-0.05219955,3.0001768982469077,-8.737299,2.7659104,-0.1185325605490196,-0.39748892,1.3487799492928005,-1.8309791,3.2612734,3.0550482749850607,2.115007614715249,2.3079765360816835,1.0899306291998816,10.118472689938946,lob_forehand,2026-05-17 11:03:50.569,1
1779008634535,7.320793827862745,2.72845,11.155663920756716,-1.479208,41.057304,-3.691784734117647,-6.900176,6.339818220122029,-11.721077,10.617959,-3.6441569690980393,-1.0540105,8.566917975671771,-27.230602,8.830932,13.91262913317811,9.522452884302723,11.07767945638361,3.7680180908077374,49.57997327281076,0.5040630072549019,0.14181766,2.7746889923288856,-4.893175,8.863537,-0.7299346834313726,-0.3757835,3.3032617800993904,-8.880981,3.0712512,-0.04922037531764706,-0.37618297,1.808032194536476,-2.4302087,4.0284204,4.157998004155009,3.616157865820761,2.247172533796218,1.6609779891139658,11.03424439191613,lob_forehand,2026-05-17 11:03:54.535,1
1779008635726,5.010331262176471,3.6638844,6.510656636043623,-1.479208,36.2915,-5.850322187058824,-6.918142,8.685560072030942,-21.251488,10.617959,1.565680053607843,2.3164277,4.183838366411825,-12.760715,8.830932,12.320092763368647,9.887764207259723,6.597604989888148,3.7680180908077374,37.38719348070315,-0.36411744628039217,-0.19814523,3.459348633484857,-6.552908,8.863537,-0.7126236061568627,-0.92081606,2.349722406410367,-6.991544,2.4985209,0.18757058784313727,0.7563608,2.121685416255536,-4.006315,4.0284204,4.096093286426926,3.741979474667342,2.359111299291061,0.7779024817310454,11.03424439191613,lob_forehand,2026-05-17 11:03:55.726,1
1779008640408,6.2591270954901965,2.893738,8.826189037973794,-0.9965191,36.78976,-5.065239415490196,-7.2583,6.565491400194965,-14.150092,6.5719953,-2.1139158086274508,0.21319759,8.632053272929179,-24.77284,7.1229553,13.242734343930595,9.50518364444744,9.345064067841745,3.4350032843610703,40.082375149155745,0.1105376269607843,0.033157367,2.729972041758191,-4.296875,9.843477,-0.6879859923529412,-0.48311216,2.9819199134629337,-8.616388,2.6106434,0.08677471392549019,-0.0009321348,1.8443570375109561,-3.3931038,4.209521,3.655787240758725,3.110847022402487,2.5723734664145335,0.7285802230218238,11.791343953865383,lob_forehand,2026-05-17 11:04:00.408,1
1779008646459,6.103139174509804,3.2147322,8.127838108432098,-0.58329904,37.65812,-5.534447928039215,-5.7922673,6.805169781198286,-15.977842,8.652469,-2.002408743137255,1.1414455,10.498397072206439,-34.594303,14.988509,14.265444283533181,11.165016219043075,9.3990049584803,4.546711314805384,46.392109207428646,-0.28860146998039216,-0.15912873,2.5620559561933036,-6.6988535,3.903248,-0.8216311560784314,-1.3024586,3.294107342484574,-8.865667,3.8361342,0.017188357921568642,0.041679744,1.6177304372421957,-3.1832404,2.3785417,4.092437108594685,3.9036814573882754,1.9295493363358736,1.4199728689500215,9.281975768032163,lob_forehand,2026-05-17 11:04:06.459,1
1779008651456,6.250672436117647,2.8242693,9.67354691971108,-9.635813,36.182507,-5.053191536862745,-8.602163,8.47090468802925,-16.569525,12.115132,-2.940097647058823,0.67193174,10.736156509648016,-29.384138,14.132126,16.01276515113957,13.986201679398807,9.683841870959553,2.955714128379527,45.7497338099064,0.01783849979019606,-0.26525894,2.089111615121448,-3.3670042,5.305445,-0.624684407372549,-0.46233886,3.6220864413843765,-8.990041,3.941865,-0.5312411422352942,-1.019356,1.9917552862933385,-3.6835306,3.896723,4.072834203570795,3.402814247423084,2.2841781722396637,0.8913949438022072,9.611991033312233,lob_forehand,2026-05-17 11:04:11.456,1
1779008657306,8.077764971862745,2.9105065,13.035313192650632,-7.488266,47.52869,-4.051435336470588,-6.8019614,6.847117082705359,-11.276715,13.262567,-1.4724677999999998,1.9163828,9.567272212247648,-26.440094,10.301756,15.66585002064875,11.313398579829494,11.979862024765621,4.5959217229107034,50.93807830543242,0.49773912472549015,-0.007856565,2.430224045060522,-2.8941455,9.583012,-0.7382768850980393,0.19987634,3.476966534191635,-9.647462,2.4817424,-0.4406073488235294,-1.2396061,2.344750232996843,-2.9300992,5.863794,3.982840942715585,2.897545385696564,2.8843590098252894,0.5418688639479529,12.613394027977504,lob_forehand,2026-05-17 11:04:17.306,1
1779008685829,5.204811116274509,2.7859416,9.682072121287352,-4.3717484,38.58038,-3.8399520882352944,-6.303702,6.519646462629903,-14.95617,7.9637685,-1.7209634765686275,0.8372198,8.948917010280764,-22.40012,8.341056,13.213600668614985,10.437868609858597,9.161503421358573,2.702973156769938,44.646146284633076,0.7598439123529412,0.5205307,2.368732686370352,-3.482855,9.432539,-0.6982159868627451,-0.6385124,2.9226510240660715,-8.295334,3.0302372,0.24387988205882352,0.025966613,1.6176862034703754,-2.455243,4.1986017,3.346840067372347,2.4799249343376433,2.547775430159,0.6088769633579127,11.819637125591825,lob_forehand,2026-05-17 11:04:45.829,1
1779008740554,5.566199663319607,0.28985292,13.669621848279402,-9.8621855,40.011677,-6.077540445294118,-6.4989333,4.721999892905774,-20.696934,2.7823484,2.371101049019608,3.35367,5.994047694520651,-6.8235207,14.953774,14.592329562389383,10.639933311274639,10.14404599776736,6.175664553169282,42.2581041620078,0.006645046254901959,-0.09987159,1.1111435174208215,-2.756456,3.8401291,0.4922246308431373,-0.78472435,3.361686546910894,-2.8521993,8.859408,-0.6590741479803921,0.017311076,1.9224482679845392,-5.572302,1.2626432,3.212647644791294,2.314548494102283,2.5286555415086123,1.1546629009834357,10.735117016506631,lob_backhand,2026-05-17 11:05:40.554,1
1779008748223,6.927864786627451,0.57970583,14.411122718246236,-7.947,48.60905,-4.51578237254902,-4.7466407,6.961692009803847,-27.138376,6.885803,0.6969903066666666,1.033649,6.469253573167689,-15.405322,10.571247,15.147579280353888,11.19060611051381,11.58488578157249,2.2233921552970366,53.10597226555323,-0.4847649376470588,-0.24608359,1.507080177643271,-5.868055,1.7767822,0.517355698117647,-0.674333,3.7420584728193576,-4.387958,9.384068,-0.5697772156372549,-0.22424501,1.9660399396102137,-6.2511625,1.822723,3.630022323706408,2.7250123156575485,2.746424593420718,0.6121649170899511,11.818851274220561,lob_backhand,2026-05-17 11:05:48.223,1
1779008754932,3.834503505745098,0.20241794,12.083732167203486,-8.155407,35.869896,-5.707697288823529,-6.6773963,5.58550900422597,-26.107122,2.7811506,1.1461660515686274,3.0159075,8.884085533898963,-19.070404,17.222294,14.294128320041416,9.992995919825304,9.86406324575685,6.51684955608146,44.710446175006936,0.1559589572745098,0.28217053,2.1579872868730194,-7.7782655,3.7869976,0.44394945823529414,-0.8658201,3.5525018538551696,-2.9828315,9.700328,-0.009347476862745079,0.4239882,1.909393117098962,-4.7472296,3.4678078,3.5337849679543423,2.5344640909906033,2.9002592006315893,1.1895695527129193,10.999998908189339,lob_backhand,2026-05-17 11:05:54.932,1
1779008762138,5.79623611627451,0.69109553,13.01199305480668,-6.242617,49.297752,-4.725809434705883,-5.164652,6.8176159888138335,-22.798967,8.009282,1.2335305450980394,1.7846315,6.058197731734923,-17.950518,11.764195,13.896220285538494,10.700072676887816,10.683015671733738,4.543347068535912,51.65085757063305,-0.5470874210392157,-0.3374328,1.4884582644333346,-3.9972603,1.5358919,0.9145757303921568,-0.30201167,3.412858569664257,-2.902934,9.762648,-0.35306239133333334,0.69683737,2.5029516839213404,-6.145565,3.0832357,3.724718248659701,2.709943131805031,2.694902001067121,0.7660320898949149,11.690370443825294,lob_backhand,2026-05-17 11:06:02.138,1
1779008767179,5.285271221647058,1.4828012,13.368216377254297,-8.418909,40.72194,-5.7197451864509805,-5.915634,5.660141724854956,-24.276978,4.617285,0.06916360980392147,1.3546431,5.929981683772733,-21.574877,10.700603,13.782765468262754,9.42136983141118,10.677763225096376,5.101596155545917,47.136861970903546,-0.16488601647058823,0.3665953,1.69116305614547,-4.599952,2.5107718,0.7794579305490196,-0.82587147,3.5308626665340404,-2.736082,9.051029,-0.06136946666666669,0.48457694,2.0749787468517904,-5.4445996,2.277738,3.705276380763012,2.4207965772337245,2.506029603606915,1.587925982361317,10.154268467232496,lob_backhand,2026-05-17 11:06:07.179,1
1779008772808,6.764666974313725,2.475727,13.166018019753247,-9.270502,40.971066,-4.0300638721568625,-4.04237,5.116502288151897,-13.261369,4.5454206,1.8475245678431371,2.1655126,4.624764083438421,-9.284875,8.887225,13.826070704458942,11.282622892645671,9.625560969602564,2.6646423927982044,41.10375094588669,-0.48785377784313727,0.28070575,1.9612042012763033,-6.078451,2.4259474,0.6704555987450981,-0.64743423,2.9089005314709953,-2.4451227,6.756912,-0.19148711439215688,0.8294668,2.3673130259918,-6.34118,2.5880058,3.651896219208516,2.7763875786306067,2.2467276622748096,1.1471869979248683,9.946191670282866,lob_backhand,2026-05-17 11:06:12.808,1
1779008779432,6.9606735060784315,1.5498747,14.859618231688476,-7.8571696,47.028034,-4.610145423235294,-4.607703,5.724247742549071,-14.823221,7.1672716,0.6598838785882353,0.5066437,5.323383663423009,-14.441142,9.666954,14.66371585623994,10.314286197002218,11.581506221123782,3.573154302616674,50.387375101689436,-0.7561362684313725,-0.36539686,3.3043429335543353,-10.525666,3.6410518,0.4630908332862745,-0.3498169,2.674547493595497,-2.5326104,7.3492174,0.30946614431372543,1.1242877,3.260703227487217,-6.375669,6.5245442,4.44565010501922,3.351974676625016,3.0732059583755014,1.2388753467832103,12.698932945688975,lob_backhand,2026-05-17 11:06:19.432,1
1779008785160,6.046328824450981,-0.13654228,14.415818571781335,-9.114796,47.246025,-6.182307381882353,-5.5599055,5.6752123990006575,-22.604933,1.9714788,0.8541289560784313,2.2948685,6.65060096910047,-14.9465885,15.398136,14.731648988611376,10.688675401292732,11.828405078845405,2.7398496738759484,49.57558348158633,-0.013512047045098077,0.042878203,1.9271370329653805,-3.4730012,8.130612,0.628566961372549,-0.9346649,3.790671622028613,-3.7304037,10.186902,-0.43298576666666666,0.02516764,1.8805109640283524,-4.996509,2.230066,3.845773519163592,2.9664863530969656,2.669832826932534,0.9872487620909464,13.126867575745086,lob_backhand,2026-05-17 11:06:25.160,1
1779008790432,6.566217868627452,1.6684508,14.16834232448834,-9.03335,40.90998,-5.547740385490196,-5.6114087,4.874118952813404,-14.635176,3.3931954,0.7516870621568627,1.6588689,5.0584899460731165,-7.075046,11.159337,14.494551937098194,10.428618165045204,10.570725195139108,2.159990172199422,42.61126081685305,-0.13562691988235298,0.28257,1.8665143496772545,-5.4240923,2.153631,0.8297357720588235,-0.8104246,3.400614107826914,-3.1042752,8.26777,-0.4920967054901961,-0.07643505,2.194944442453468,-5.8914914,2.1246016,3.82485774115223,2.9101205339773917,2.4313990508551973,1.0175505708890737,10.225916222992486,lob_backhand,2026-05-17 11:06:30.432,1
1779008796009,6.190691659607843,2.1271849,13.578809871137324,-8.892016,44.80024,-6.971335788823529,-7.543362,5.552510446769162,-24.224277,4.1286073,0.4807161807843137,0.7988921,6.695408858199089,-13.020623,15.758656,14.860641371968498,10.311405470805118,11.121415996212232,4.950152308793665,46.71681797966504,0.2714888245490196,0.2934893,1.3889011181435393,-2.9998763,3.6212106,0.6058432284313726,-1.0746183,3.8601214473116534,-3.2258523,11.018765,-0.37038911718098033,0.031293098,1.7400768519937224,-4.0993958,1.8493555,3.7111784727970996,2.9004207158130217,2.529554879439092,0.9670956694239271,11.59518101856213,lob_backhand,2026-05-17 11:06:36.009,1
1779008801994,8.377058913725492,2.5990942,15.16718810061045,-8.936333,47.023243,-4.098804671568628,-3.8830707,4.9276898058106395,-13.938092,3.780065,0.6957925898039216,1.0576038,5.120774900734225,-8.760265,9.85979,14.892417494157627,10.068205419493337,11.980688980971086,0.7961525449937717,47.467544870578465,-0.3168161717647059,-0.13156417,2.1047449041923234,-6.9674416,2.1633518,0.7602434163921569,-0.34542254,3.081430775854929,-3.5414464,7.3698573,-0.6375462854901961,-0.17058067,2.4480622350882864,-6.247967,2.9034667,3.8986480461645634,3.2250073925718152,2.3497305561396895,0.7728801533948827,10.815141848053152,lob_backhand,2026-05-17 11:06:41.994,1
1779008806529,9.37172265745098,7.253509,11.020109107212795,-4.345398,45.506905,-4.196549614509804,-3.10454,5.198202057075254,-14.763334,3.4063704,2.4337826555686273,3.0554328,6.39314814342787,-18.475128,9.882546,14.353455123406492,11.789557940577923,9.632503702589402,3.9990787572886664,51.285132232363075,-0.8862043469607843,-0.7567603,2.3977754784200185,-9.655319,2.4432585,0.019360722509803908,-0.59310406,1.9567389828353083,-2.164284,5.841023,-0.6840903223529411,-1.0451895,2.5619098969313026,-6.807114,3.468074,3.386228771007405,2.6847386041747083,2.392581789359546,0.9071455456851686,11.883765989367253,lob_backhand,2026-05-17 11:06:46.529,1
1779008814615,6.3143405172549025,0.44915223,14.036023247285376,-8.99622,42.832355,-5.589496890980392,-5.3215556,4.222166090356517,-15.278362,1.41453,1.0158003271960785,1.4600441,5.24474758032355,-10.609574,9.780739,14.353019015247119,11.603731920636951,10.286048839632768,3.27871384589744,42.992444311823725,-0.1523557338627451,0.077899836,1.7517599165522977,-6.1231937,2.363894,0.7442117416862746,-0.6077519,3.386318236050906,-2.943149,8.444609,-0.696490097509804,-0.4703286,2.0786535772434616,-5.6139817,2.122471,3.680715576429501,2.723578712303213,2.4741461711971593,1.1161438971586353,11.061161545656075,lob_backhand,2026-05-17 11:06:54.615,1
1779008820235,6.900622182666667,2.7763596,12.640858788492993,-6.2270465,42.57963,-4.83250220117647,-4.671183,3.4385228339817564,-11.224014,0.4239997,2.188809809490196,2.7763596,4.104363942936637,-5.2628665,12.19059,12.873788441882478,8.976045155738799,9.833068676966226,3.249996262827011,42.90959186463892,-0.23615127019607843,-0.02956199,1.6093126939531084,-5.248052,1.8100727,0.5716649598039215,-0.50734764,3.1636203163948986,-3.426927,7.575593,-0.676753388,-0.008256052,2.1070216885567516,-5.097446,1.8861083,3.6054437250434317,2.730826440014309,2.153157442111218,1.3152834614236848,9.766719627384473,lob_backhand,2026-05-17 11:07:00.235,1
1779008826011,5.635198890392157,2.705693,13.11162478461582,-10.268219,38.96725,-6.172655013117646,-6.5588202,4.2851891328396885,-19.896845,2.6374218,1.9343019988235295,1.8337388,5.507642887210994,-7.7050567,14.105776,14.07828172118504,9.659196717239846,9.670591393786895,5.591277106909635,39.91878472257569,0.2631492466862745,0.8525039,1.6205846694146744,-5.251248,2.1826603,0.4854229009803921,-0.9198839,3.248756021728821,-2.604651,8.102249,-0.13804474130921568,0.4109383,2.088659608639044,-5.9906974,1.9020877,3.5438492367840344,2.541701692459666,2.250240567967121,1.6778510950015821,10.833528232053828,lob_backhand,2026-05-17 11:07:06.011,1
1779008838474,5.043280822984314,1.6049706,13.084472996849774,-8.878841,36.533443,-7.367341220588235,-6.6941648,3.7208613994893245,-18.714676,-0.46831605,1.689094206317647,1.5355017,6.632665593952532,-13.868623,16.080847,14.575771140034872,10.497394207630105,9.826244233303411,5.577339536667757,39.06937898323476,0.17655729635294118,0.37059018,2.1204177670642577,-5.951947,3.3945687,0.4663754956470588,-0.94425255,2.887286590117725,-2.1885195,7.5064816,0.032126006843137246,0.78099585,2.4219080628061556,-5.984439,2.42395,3.744579226995036,2.8405249160981887,2.1565314376209517,1.792190538641017,9.767225146003533,lob_backhand,2026-05-17 11:07:18.474,1
1779008847632,3.8719153150000003,1.7283378,12.060479962918928,-9.860988,33.799004,-7.335401521568628,-7.14691,4.159226573423382,-24.19074,-1.566643,1.004057787980392,0.8444062,4.629238350612268,-14.451922,9.839428,13.417863126926074,10.185870615204033,8.470448256522259,6.761054101660149,39.82241221278296,0.10610932423529412,0.56953436,1.3328066227995508,-3.571541,1.8711941,0.9035937333333334,-0.40308172,3.0727246061905835,-2.27108,8.747819,-0.10851146447058825,0.57739097,2.091171157059496,-5.549265,1.8216578,3.234106404812991,2.380662175018543,2.403888424561468,0.8503691363869152,10.49990022055248,lob_backhand,2026-05-17 11:07:27.632,1
1779008856233,4.028255491901961,0.532994,11.8970498824658,-9.541191,34.09724,-7.61635365,-6.876221,5.157853135498815,-27.664185,-0.52341205,2.59167290372549,1.892428,5.887680658268768,-8.161395,18.355354,13.796004031804475,10.137685337484873,9.552131142302104,5.441522970048698,41.39392140686661,0.4653258749019608,0.6281257,1.2979671796698993,-1.6705188,5.0733433,0.6237130803921569,-0.67153656,3.133932278045875,-3.0017405,8.187074,-0.5042379634392157,-0.19654728,1.8729214037544677,-4.828725,1.8172634,3.2863741164844598,2.404325805348331,2.207900160703628,1.5897987674968912,9.681475151651314,lob_backhand,2026-05-17 11:07:36.233,1
1779008861048,5.58630293372549,2.5475914,12.742313397253108,-8.107497,40.423702,-5.733601373725491,-6.669012,6.193480402618592,-19.860912,6.137216,1.1654472937254903,0.78811246,6.514998143286133,-12.342703,16.162294,14.418494792708822,10.514452259706825,9.892831562066553,3.8396148157770376,43.28842420088254,-0.2549558401960784,0.20546915,1.9551768511654586,-5.9636655,2.1292622,0.7673453720980392,-0.5736624,3.0695051971537595,-2.3665571,8.183211,0.12824294921568624,0.66621006,2.74333973581762,-6.573282,4.095534,3.7512831882706776,2.4738011005962726,2.664694451278388,0.42191760613345597,10.183871749853022,lob_backhand,2026-05-17 11:07:41.048,1
1779008867062,6.3326117517647065,0.836022,14.96958674796495,-7.301419,46.249504,-5.907649262549019,-7.222368,6.697469680473073,-21.888685,6.914549,-0.5930218388235294,1.0599992,4.676364762154659,-9.272898,5.5419397,15.172183888840307,10.266652649766499,11.527141593382758,5.729939682898114,48.13535040896085,-0.31659945168627446,0.2555381,1.821857393076131,-5.3857417,2.2854614,0.8305164805882354,-0.5721976,3.749880979759209,-3.1875017,9.315356,-0.2921054600196078,0.40587813,2.199002184066049,-5.988833,1.9593474,3.8667735201591955,2.6266983389979646,2.8032536326770465,1.3716356736734576,11.305212870917227,lob_backhand,2026-05-17 11:07:47.062,1
1779008868744,5.521155208627451,5.9336004,10.892216704665232,-8.822548,29.01164,-0.5370568754901961,-1.804993,3.867176303511458,-6.0114536,6.914549,2.1305198284313724,2.2026424,3.993010970718564,-5.678482,9.204626,12.360966514288645,11.136297422764166,5.450424253513838,5.410736784033049,29.25130821586988,-0.10453227254901959,0.37884623,2.6219915294791205,-5.8209157,4.7018213,-1.5093220956862745,-1.4962095,1.6605982036090496,-6.031312,0.9501117,-0.23248798854901964,-0.14874208,2.2905982531870834,-4.427374,3.877814,3.669643811966997,3.2642563023170945,1.8797729590270749,1.058188237658619,8.814541390491778,lob_backhand,2026-05-17 11:07:48.744,1
1779008977709,4.870078332862745,2.5799303,11.079614104772995,-8.714751,34.005016,-6.211147116078432,-7.158888,4.918045559881552,-24.012278,0.8264401,2.4049430301960784,2.7164726,5.982251045866707,-10.189168,16.780327,13.367163581902565,10.355299788164142,8.361759542036742,4.1629823019581025,41.64322357621534,-0.18687345784313725,0.6507633,2.6839195280044965,-10.308879,2.711314,0.22061569104509798,-0.84131825,2.7930052540184214,-2.4251485,7.315261,0.39355149727450983,1.2767584,2.728010341076784,-5.852475,5.12288,3.9742840456347475,2.8678689957128882,2.5649085212463154,1.6570268336237761,12.268602126459966,lob_backhand,2026-05-17 11:09:37.709,1
1779008982707,4.182763862333334,0.9006999,11.809126333267393,-9.893327,39.082233,-5.356689295294117,-5.7539396,4.852863390381241,-15.940712,1.9858518,2.6705593247058825,2.4505746,5.517801635269609,-5.485646,14.2267475,13.093590757521056,9.414682073021309,8.542181962529401,4.863778751660861,40.95564831067828,-0.16641870349019608,0.1318305,1.2696970252582163,-4.08022,1.955752,1.0809682829215685,-0.41919434,3.1323952489058233,-2.2009034,9.06834,0.06075325943137254,0.62945735,2.1939848752943902,-5.9423594,2.2773385,3.3375309658210406,2.491355811090519,2.469733001985087,0.550895478099099,9.82854140071547,lob_backhand,2026-05-17 11:09:42.707,1
1779008988427,4.566580606117647,1.0372422,11.94173873669724,-8.318299,36.761013,-5.486984494313726,-5.986301,5.956043695179043,-26.259235,3.5812404,0.9225175372549019,1.5953887,6.055012710051667,-12.661302,11.694726,13.186641626588463,9.92197150412211,9.498706308472247,3.272041798311293,43.2199454447333,-0.3026748776666667,0.45674607,2.693280604181224,-8.77019,3.5354543,0.6996755428686274,-0.46726587,2.9929977719303538,-2.5497882,8.294402,0.15769788999999998,0.989794,2.8108218263260705,-6.288581,5.3832116,3.9817288052848507,2.5678441475846423,2.925647783547247,1.7279439443633449,11.935825535660664,lob_backhand,2026-05-17 11:09:48.427,1
1779008994952,4.827711315686274,2.8673878,13.551054597011948,-10.213122,39.670322,-7.237914989607843,-6.7229104,6.975794203459764,-26.244864,1.7103717,-1.177847440392157,1.7331287,7.040618463524781,-17.488192,10.996445,15.316584509073378,10.690432397836043,11.008930138440675,6.037666221585529,46.034641409391824,0.3232262230392157,0.28869548,1.7011965365270072,-3.1792455,7.7273974,1.1318362251764704,-0.6731345,3.902884768143755,-2.2758737,10.876815,-0.13552508680392156,0.12011223,1.9661030160062887,-4.874932,3.0651257,3.537704790797886,2.2350947621244184,3.264728371386183,0.8000646549486359,13.465734776171695,lob_backhand,2026-05-17 11:09:54.952,1
1779009073191,10.371106840007842,5.53116,17.66588762572497,-5.788674,63.048996,-7.589557126392156,-8.706367,6.496298569217383,-20.1328,6.330052,-2.2358035164705883,1.3845866,9.730781100722176,-27.00902,12.597821,19.456579464250716,12.249333471731084,15.375538373015145,5.960929132518521,64.16254018853971,0.2108426304509804,0.031159936,2.4924972571705015,-3.0024064,8.797488,-0.7777816711764706,1.2495933,4.4741377333488135,-11.820269,4.1049886,-0.9513780513137254,-0.35034952,2.564123851471923,-7.1801014,3.5679457,4.561125087003484,2.577584735582916,3.629166899073271,1.3083350762331938,15.69517282215376,service,2026-05-17 11:11:13.191,1
1779009080405,7.944698496921569,-0.36411273,16.653321395308105,-4.533443,56.31291,-8.4616522,-8.73631,5.148097134207469,-18.95063,9.191451,-2.405718037254902,3.169218,11.817575562486812,-41.141148,10.211925,18.509757119100506,11.511344109766776,15.405945471074803,5.817934577842127,61.20785715082057,0.9404587636392157,0.5600799,1.8737334464719573,-1.8806486,5.202777,-1.3271954805882353,1.0036429,5.074804065041431,-15.683568,2.8418128,-1.0159303356862746,-0.7963095,2.0837833071374683,-6.8245583,3.936938,4.4681943924443575,2.8008267625613943,4.122401645054915,0.9049776542542802,16.33173581989186,service,2026-05-17 11:11:20.405,1
1779009094310,13.506952778431373,9.341168,17.468200632091303,-4.5609913,68.019615,-6.99763898627451,-8.909983,7.9531975050122465,-18.943445,19.991467,-2.9987399431372546,-0.3724969,9.63972280681673,-26.943146,7.430774,21.309904167035327,14.620753087412368,15.598926022515741,6.719917464580829,68.70773042435233,-0.04787570117647058,-0.39948636,2.5193897006646804,-4.748561,6.7511864,-0.8363625664705882,1.1145669,4.876422269589082,-13.775621,4.63777,-1.5715244721372548,-1.3012602,2.041792031215837,-6.4310646,3.3534217,5.05751847605967,3.2702129259920816,3.3823931733637655,0.919844198177354,14.545099387474137,service,2026-05-17 11:11:34.310,1
1779009098101,12.678516432529413,7.7625484,16.98089623758972,-3.7776697,60.275032,-8.21667925490196,-7.7877007,7.228388471834315,-26.907213,13.8506565,-4.493400972098039,-0.6252199,10.378037887584721,-30.630983,5.779092,21.20085786270621,14.778206828680757,15.596680413430894,6.692597282271947,64.95222232884356,-0.1623872760392157,-0.3057402,2.7500312303238372,-5.356313,7.0522656,-0.8191324467843137,1.1120368,5.250950092880671,-13.465087,5.7767057,-1.5878982043529413,-1.0338707,2.7560123184643515,-6.9000616,3.7519758,5.442596498875327,3.8041163379188183,3.9748713726146,0.9061238784405634,15.805947285260487,service,2026-05-17 11:11:38.101,1
1779009101992,14.521813543529412,9.952016,19.52414933115559,-5.6772842,67.84953,-5.664954452941177,-7.3529215,6.343152071425191,-17.385185,13.911741,-2.934155879137255,0.119773924,9.122069188329876,-23.113972,8.40813,22.15005614693813,14.480493433270858,16.14987225212053,6.056875557585279,69.96037366481048,-0.8188294844313726,0.07483711,3.736539288487637,-10.200484,5.5511293,-1.1566174221764707,0.6908451,4.998934889344196,-14.123307,6.0644693,-1.406416488627451,-0.96356106,2.634642855133305,-7.9488463,3.5562274,5.730921319932152,3.345695652929728,4.056854505834249,0.7877414388489054,14.564975276916545,service,2026-05-17 11:11:41.992,1
1779009121677,11.14552758980392,3.6578958,16.224916548497312,-3.7692854,58.44249,-8.861391850980391,-9.071677,7.130754874071236,-25.533405,11.031178,-6.633197525901961,-3.0889695,11.031368675760888,-44.245686,4.2687426,20.816300516824242,13.285208766215243,15.667904448361933,8.046988161165498,62.61162824943063,0.4619419658235294,0.3940267,2.233463948882114,-3.052209,6.0214577,-0.6530896807843137,1.6778426,5.374067383734949,-14.480847,4.9862556,-0.6224989501764706,-0.09960526,2.0210972172342925,-5.5240974,3.6811335,4.7224686576475925,2.9650147887557297,4.031627571274879,0.8285047413943405,15.440140048150386,service,2026-05-17 11:12:01.677,1
1779009124984,12.677201289215686,5.8258038,17.862080746039403,-7.630797,69.256874,-8.026332700000001,-9.470525,7.373133451959517,-19.927986,19.174608,-3.384787561470588,0.8659655,10.553208470462058,-29.26077,11.056332,21.261063318891456,14.965666839544346,16.279920315367598,4.352243853052311,69.90234845748125,0.5266901021152941,-0.4791173,3.314757417619238,-4.3735766,8.3002615,-0.8457648190784315,0.717078,4.597647631669916,-14.158063,3.2836447,-0.43251056807843136,-0.5603462,2.6566171190600336,-6.286983,5.459114,4.854526970219188,3.249141883640679,4.043416371994237,0.6310099081643344,16.048064212357904,service,2026-05-17 11:12:04.984,1
1779009129361,9.683299287254902,2.5044727,18.15443700430635,-11.797731,65.98226,-9.29551354,-9.893327,5.910817486754556,-18.514654,3.8411498,-3.7971622535294114,-1.3893776,10.603641081724122,-36.761013,6.994797,20.344943728515545,14.171309752260331,15.913723784066333,4.102240213333527,67.90739602896117,0.24170491376470588,0.20653445,2.5676889144003496,-3.3831167,6.851191,-1.291596793362745,0.91722065,5.401886037651167,-15.169029,4.120702,-0.7348825579745099,-0.67127025,1.9644388378696245,-7.1924853,3.8189564,4.701162133162854,3.1041077749226136,4.404713951734355,0.7910102485659155,17.049442973669677,service,2026-05-17 11:12:09.361,1
1779009144240,9.15713948235294,8.543474,4.753230705369821,1.5390949,22.753452,-3.905334545882353,-4.029195,2.778737423970025,-12.118726,5.1107535,2.0887398748627453,2.1942585,2.063986983847438,-1.7115694,6.0737357,10.999074988366749,10.154946370358699,4.088081660214565,4.893635776150347,23.342988851972308,-0.30177407129411765,-0.31346363,1.1835714735653833,-6.0486226,1.3884814,0.09683757941176471,0.50708133,1.0929059676438493,-3.1301088,1.3236314,0.10259748133333332,0.71028674,2.0538810459242507,-4.900366,2.5994577,2.1913730111945915,1.6581539903726201,1.4243402077275387,0.41033523735377286,6.887503656588858,service,2026-05-17 11:12:24.240,1
1779009152684,15.060420673333333,12.115132,18.13309557888463,-4.6424375,70.806755,-6.013520125490196,-7.6008534,7.7422018035493005,-22.273159,18.78175,-5.1367984262745106,-3.1584384,9.507211357066573,-31.622713,6.280945,22.05568327320055,15.996319444820275,16.676581933396903,6.845880362526208,74.9564757781927,-0.48989822335294114,-0.35580918,3.3740714302807033,-7.2822366,7.690112,-0.4727202850980392,1.6144575,5.289575706214865,-14.542901,5.972321,-1.2068848340196079,-0.29202452,2.820084663234356,-8.056042,3.446635,5.577456158458774,3.3803376742628157,4.188687812104628,1.0290794996438186,16.156925515754537,service,2026-05-17 11:12:32.684,1
1779009156734,10.823617568039216,4.0459633,17.20405045741725,-5.058053,65.49718,-8.59103156764706,-8.349441,7.202757862330698,-27.064117,8.833327,-3.79173722372549,-0.89231575,10.36663834099365,-38.033012,7.943407,20.014193588581968,14.551805851778807,16.005856029037336,6.228591561167734,68.16942575139461,0.27842370862745097,-0.24142292,2.820598526787583,-3.7650256,10.711028,-0.7761157968627451,1.2907404,5.460273395879656,-19.416767,3.307747,-1.0001179952941177,-0.62186706,1.9995596214888516,-8.124221,3.210805,4.621754210551692,2.695063235245821,4.657734405335833,1.2249751854221758,19.985816904339604,service,2026-05-17 11:12:36.734,1
1779009161371,16.30949817764706,8.220084,22.21018169733179,-7.473893,72.81416,-9.358899860784314,-9.563948,7.929805716401896,-23.785904,20.801138,-8.442323981568627,-5.5096006,13.901544800796477,-55.790695,6.734888,26.299226340284825,16.470299000274267,21.847275537478005,5.609347975809265,79.58192550220872,-0.1623585529411765,0.3588719,2.5938474515429406,-5.4316826,5.870585,-0.3636213162745097,1.5358919,6.727740312778274,-17.499632,7.536843,-0.8251925770686275,-0.52066386,2.506722862706486,-6.590992,4.7339134,5.95573441393608,3.853583994321132,4.790649224538099,0.7153785803286031,19.36679288610936,service,2026-05-17 11:12:41.371,1
1779009187436,12.408484888431373,6.325261,18.26429521301351,-4.4807425,64.315,-8.315645392941176,-8.354232,7.490254140804842,-25.88075,9.898117,-3.4004757429411763,-0.4575364,8.569936356709231,-24.70457,7.041509,20.80603852289568,12.967902177393205,16.154271778866374,7.522852904497571,68.53466633120789,0.13552247450980393,-0.50788033,3.1672343623376746,-4.4341655,12.136129,-0.46102290686274505,1.219765,4.514133925780375,-13.422475,4.2486706,-0.3081058233333333,-0.38230842,2.880977849830443,-6.5309362,7.4995575,4.75986696144598,3.1527485097873607,3.991454149794659,1.0378497463706313,17.278089451470667,service,2026-05-17 11:13:07.436,1
1779009191241,15.439939549607843,8.210503,20.028875850278695,-5.466482,59.912117,-7.251606781764705,-9.814276,8.918232195727079,-20.02141,22.845678,-5.73176950117647,-1.9475241,12.219925655322633,-40.03683,8.433282,24.181831874832966,15.01023434885943,19.075335745650673,5.719036997450545,68.96946111743033,0.04305837111764707,-0.2499453,2.8936719933585002,-5.224216,7.625529,-0.49470245941176466,1.1904694,5.313122459160525,-14.335301,5.4452653,-0.9826006437843137,-0.41906118,2.4220704466401934,-6.891406,4.7325816,5.1850326620436435,3.1731344103830876,4.035233386355243,0.7210202443389028,15.148247995400487,service,2026-05-17 11:13:11.241,1
1779009195352,15.757340305882353,9.306434,22.215292662404597,-4.5322456,76.14028,-6.688457960784314,-7.7433844,6.628280279952682,-18.137365,13.140397,-6.902853306470588,-2.117603,14.635620224370696,-53.21436,9.607067,24.741147780230428,16.513872416159966,21.78944756683475,4.38869197738931,90.33502850610623,-0.973362853490196,0.075769246,4.105931263598791,-11.3993435,5.910667,-1.0897805209803921,1.0570409,5.90080339609631,-16.428211,7.6047554,-0.7430994391176471,-0.33543536,2.7433542202336785,-7.0774336,4.87906,5.899488865500347,2.737267839945523,5.142479466539973,0.5957870623383291,18.05421604254575,service,2026-05-17 11:13:15.352,1
1779009218145,12.537629417647059,6.6833854,14.644997010276505,-4.810121,59.309654,-7.494606872549019,-9.167497,7.524137953892508,-24.368006,15.071154,-2.889910054901961,-0.6216267,7.170662857460657,-21.106562,5.6161995,19.22831169866513,12.747173975741305,13.097006756772421,5.92586129797956,64.2064947777293,-0.04491480039215687,-0.4808484,3.1873767819601415,-4.6707945,8.456194,-0.2686297256862745,1.3735672,4.783351243137145,-13.870699,4.88958,-1.0448186881568629,-0.53770864,2.5786380323409217,-6.6052403,4.6841106,5.050484154928239,3.104417266771448,3.8549705357119954,1.3783751873711896,15.991448004729504,service,2026-05-17 11:13:38.145,1
1779009221723,14.077804611960785,9.798705,16.92006210341948,-5.058053,60.6607,-7.821096447058824,-7.8667517,7.580456535786349,-24.469812,20.367556,-5.739237739803921,-4.1633415,10.24132237776421,-44.040874,6.0665493,22.258594462176614,13.34483663568186,15.53774181609041,6.762851723036636,64.24662982518805,-0.45756331590196075,0.036353257,3.501279498544709,-8.548076,6.8173676,-0.5024468199019608,1.1602415,5.581166773059787,-14.022504,7.891187,-0.8457752690980392,-0.10067056,3.1421875499332286,-7.212992,4.5675936,5.811225614463625,2.9895082058541895,4.4762338105007595,1.0041145376696132,15.40588519633115,service,2026-05-17 11:13:41.723,1
1779009225599,15.760557930392157,11.943856,19.911848158099556,-6.615114,83.99266,-7.75841478627451,-9.153124,8.039448794429163,-22.523487,27.125202,-7.343480360784314,-5.1023693,12.22876015542287,-46.42557,7.478684,24.76527444360492,19.224429766075794,18.837117671764673,5.035749838808113,85.08891669947396,-0.9001576407843137,-0.88765866,3.759119728259265,-8.6720495,6.674618,-0.44941433411764703,1.1471916,6.430595937600071,-16.37175,9.510838,-0.6365619416666667,-0.29655203,2.87426475649489,-6.247967,5.6316924,6.2933239025043815,3.336450950836718,4.979228491235139,0.8651571638405833,17.7090180762107,service,2026-05-17 11:13:45.599,1
1779009241681,11.754613264705881,4.7490363,16.987882119762812,-5.016132,64.4767,-10.832260184313727,-9.670547,8.018531113174381,-29.668001,9.517237,-4.473673612058824,-1.5043606,10.668423275339768,-40.230865,7.2583,21.04459917491307,13.153167263806992,17.204667333744652,6.095544791155021,68.54811920269019,0.21712996798039214,-0.14168449,2.101918401775052,-3.133571,6.9165735,-0.7445485529411765,1.2245588,6.0815731131325235,-18.716867,4.698625,-0.5980467242941176,-0.11944642,2.6764911240186984,-6.039834,4.9124837,5.203431089411165,3.0490770414516133,4.6827693988681,1.0241777545380244,19.204722547444163,service,2026-05-17 11:14:01.681,1
1779009244246,13.326328824980394,1.9930382,23.719823238392248,-7.1696672,84.30168,-9.740626315686274,-10.183179,9.04874193352088,-38.380356,14.254295,-7.060273775490195,-3.4123592,14.649103966456945,-60.90504,8.562638,25.220112958219065,16.55964579108788,23.21842986456326,4.424467709413664,93.33036716907795,0.01684631176470588,-0.031692583,2.4131198449410145,-4.077424,5.4734955,-1.3904109708235295,0.76168734,6.150389967150902,-17.906843,6.5324006,-0.825814024309804,-0.0033290528,2.4842440722552435,-7.0184426,3.5667472,5.053398443005611,2.839833614496464,5.14219266252202,0.5786723275543133,18.807680541871626,service,2026-05-17 11:14:04.246,1
1779009280555,22.944621300490198,6.877419,35.07140026557322,-11.276715,113.9577,-5.450159899431373,-7.654752,13.501742532870418,-34.636223,43.85762,-7.0569859013921565,-2.806303,13.072816897506423,-45.12962,7.827226,33.065707211510144,19.57895526792809,32.955592161854135,6.33277779267019,124.0912089968576,-0.6543481729411765,-0.3641984,5.4922906841786565,-8.1987915,21.905968,0.7708598443137256,2.4585721,5.534817278702224,-22.496807,5.7663193,0.49300533494117643,0.55874825,5.0130253748930285,-13.50437,11.472849,7.233587390500969,5.575897539161784,5.818020291803379,1.5714592397839748,27.011154717110948,smash,2026-05-17 11:14:40.555,1
1779009305031,17.212875619607843,8.834525,23.62054803686382,-14.988509,110.049484,-4.340935895490196,-5.0185275,11.936468940892512,-35.70341,24.163193,-2.258560422745098,1.6624621,13.1490535709678,-37.479656,24.996819,27.0535601548489,16.852150578326466,21.293347215043294,5.743149493980265,111.31679333723258,-0.11359510645098041,0.21985066,4.217700241107467,-9.1473055,19.644075,1.0737123,1.8811812,4.802342426698205,-19.961267,6.6999187,0.17749467200000005,0.7903172,4.392683703834964,-14.453016,6.869301,6.121333206290567,5.224466365562955,4.811261293915065,1.3239171977874886,25.342114397918433,smash,2026-05-17 11:15:05.031,1
1779009305451,17.394579762784314,10.322117,23.393594340435804,-14.988509,110.049484,-0.6914243093725488,-1.1546206,10.702384195443218,-35.70341,24.163193,-0.4057282500000001,1.9439309,14.044844536949034,-37.479656,24.996819,25.71140310258247,15.838748580864527,22.227000181756505,2.5426720418269046,111.31679333723258,-0.42270878725490196,0.02956199,4.440921992236615,-9.1473055,19.644075,-0.011848774999999954,0.6034907,4.444897108709219,-19.961267,5.583754,0.2919697072156863,1.1301469,4.300303168468297,-14.453016,6.869301,5.688616423754578,3.8371036898469693,5.023275091671362,0.8555457423374394,25.342114397918433,smash,2026-05-17 11:15:05.451,1
1779009335271,19.089732894117645,11.129394,24.697745303154434,-19.427332,77.1368,-5.67805921490196,-8.18535,11.396131073254283,-30.80825,23.730808,-3.956954841764706,-0.16409028,13.995109578092306,-52.23341,13.358386,28.719942881357277,18.962467278890884,22.69237233406153,6.819741209949303,95.12500654663414,-0.07877454903921571,-0.005725971,4.522257967022915,-9.976905,15.734436,0.46248245466666665,1.8862414,5.393151071339913,-16.99668,7.6732006,-0.005613727372548979,0.13276263,4.1652888223749445,-13.217539,7.6690726,6.596056360829063,5.191502380611518,4.76790702201019,1.3454228542205424,24.289833941103367,smash,2026-05-17 11:15:35.271,1
1779009340504,14.701427626666668,8.3302765,20.314100149243806,-14.887899,78.38844,-5.416036102745098,-6.0018716,12.054804789711156,-36.49991,24.529701,-1.505581735098039,1.5690384,13.296469830136006,-54.398922,14.847176,24.541256000241425,18.296993042336098,19.316967256474268,4.725376666874504,87.1097586132697,0.3414067418294117,0.13982022,4.554028211003751,-11.671127,16.171606,0.7692696990980391,1.9148712,4.955715387543787,-19.397593,6.558234,0.9227246917647058,1.1290816,4.255896482878267,-15.063032,7.575593,6.101027741715076,4.390592573911893,5.1995098733017935,1.223116257954969,27.070861104662743,smash,2026-05-17 11:15:40.504,1
1779009357357,22.41026557,10.23588,31.927276537722687,-13.135607,96.99053,-4.916202940333333,-8.111091,14.514278993594655,-50.570946,37.041286,-4.428276963137256,-3.3824158,14.034925061739594,-40.45604,40.279972,33.58761933639708,21.371187919817785,28.86559079807052,6.086080338830385,106.35853689486191,0.07366214264705885,0.13342844,4.682662568694914,-8.27323,11.4033375,1.1395596831372548,2.530746,5.262322223587492,-14.651694,6.1467633,-0.6031538697058824,-0.9682217,5.220385689216852,-15.053045,10.136434,7.425482264442312,6.507554842978968,4.725719138634684,0.6163714531695125,22.356012736587417,smash,2026-05-17 11:15:57.357,1
1779009360195,20.019013881960785,5.6114087,29.46210187231141,-17.309729,91.78755,-6.538364796078431,-7.437961,13.798686964277373,-39.525394,26.649698,-6.252809617509804,-0.808474,14.787363602878845,-58.49519,11.654003,31.46660435816313,19.906138339461776,27.557143024532788,5.735365227837496,104.0576614624249,0.141318918627451,0.36086935,5.815268980833187,-11.574851,28.063915,1.3262737725490197,1.7935605,4.509855404962329,-14.560612,8.416245,0.0622075978431373,-0.3419603,5.5271912396254725,-15.692623,11.626385,7.138160925541736,6.064682026812944,5.878102046253483,1.0937052088983235,32.3032480411575,smash,2026-05-17 11:16:00.195,1
1779009361227,22.242064935686273,11.815698,27.88977823669879,-10.904219,91.78755,-4.3258115764705884,-4.976607,12.939623198790374,-39.525394,26.649698,-6.594165310450981,-1.6516825,14.22086407193949,-58.49519,9.185462,29.845612796831748,18.608682741828407,28.40728700737685,4.469918509636721,104.0576614624249,-0.9231398951960784,-1.6392256,5.918026079917667,-11.574851,28.063915,-0.3684439145098039,-0.409873,4.077269164661765,-14.560612,8.416245,0.17128564221568635,0.27817565,5.390297173390356,-15.692623,11.626385,6.615840605426595,5.532952476225968,6.090595108935453,0.7535481053360513,32.3032480411575,smash,2026-05-17 11:16:01.227,1
1779009363341,16.05243055843137,6.5312724,26.718430462785765,-11.142569,151.00378,-8.69483571254902,-7.665531,15.565987030150808,-51.044056,39.017555,-2.4896302350980397,1.6792305,15.524547053749231,-68.37175,30.763933,27.560820468787988,17.446856084730033,27.724786223012988,4.448682531223442,153.38004041203126,0.5182878457843136,0.13515955,5.090945672433122,-15.372501,20.757578,0.708798465,1.1068435,5.258986701973546,-24.819288,8.703876,0.8521174438039216,0.37804726,4.6951468694451455,-14.379111,10.941798,6.1828830595993285,3.7950973017373566,6.176854655613804,1.0413389467183836,29.579499276988344,smash,2026-05-17 11:16:03.341,1
1779009384241,22.219754332235297,11.028783,33.58760072630981,-18.284687,110.509415,-7.856817335549019,-10.264626,15.332308980727317,-48.294044,39.466705,-6.177211156862746,-1.1642026,14.658180608460631,-61.539845,8.512333,33.34985876076748,20.297268691782186,32.38963781696241,5.592406901583263,117.9712030430802,-0.015034278627450959,-0.37831357,5.612407360183715,-9.03758,17.565414,1.139786746862745,2.2219431,5.360382715028299,-16.822237,7.396756,-0.46257645050980395,-0.6307889,5.727863165540398,-16.431273,11.498016,7.6873719538693965,6.2412309446917025,5.857236338933659,0.9884756279610414,26.34382700553384,smash,2026-05-17 11:16:24.241,1
1779009388464,21.96808825490196,7.126549,31.027377985325707,-12.494816,132.85564,-2.873940249862745,-7.4499383,14.753723225851763,-33.300743,39.290638,-6.190080908235294,-2.7416253,10.957813531891503,-37.856945,14.412396,31.4265301443197,20.101432422232087,28.85865355002023,5.245622857549454,133.5433563635061,-0.6508442435490196,-0.19707993,5.184153768548641,-9.92364,12.742416,1.3166573833333335,3.2331762,5.147845827355936,-19.658058,6.429733,0.12648051790196088,-0.34675416,5.4411044349950295,-16.24591,10.6640215,7.5362267986584035,5.956547988202487,5.221821678575886,0.7709127298522609,26.440465011018414,smash,2026-05-17 11:16:28.464,1
1779009392339,18.372428024313724,4.5945277,28.04387291258999,-17.475016,100.097466,-5.785526930588236,-9.530412,15.688171517970478,-40.523113,36.87959,-5.312255526862745,-0.6863046,13.590019984933676,-56.92735,13.784781,30.05182707535339,18.272041953371083,26.520084500738747,7.642050768494125,101.82221581062508,0.42151813229411766,0.22837304,5.156940803147216,-12.183002,15.752545,1.0094080300000001,1.7464212,4.810182267363475,-13.14683,8.255519,-0.18944793784313732,-0.4823132,5.236769883714749,-16.781357,9.466894,6.812264794664686,5.318866573597608,5.57473605856985,0.9096211588054853,25.499089923742236,smash,2026-05-17 11:16:32.339,1
1779009393286,21.425582880392156,10.566456,26.308494666953695,-17.475016,100.097466,-2.3191285227450975,-3.7908447,14.750791946346869,-40.523113,36.87959,-5.402038983529412,-1.9990269,13.76065976763621,-56.92735,13.784781,29.166303904432542,17.17942298283268,27.108671427085298,5.846172233903056,101.82221581062508,-0.4375446222156863,-0.04021496,5.420140789163209,-12.183002,15.752545,-0.08186597441176464,-0.090816565,4.515774671489788,-13.14683,8.255519,-0.2634234171372549,-0.37977836,5.121798211798739,-16.781357,9.466894,6.399543028836471,5.021810862703955,5.87389308707833,0.6884867132699193,25.499089923742236,smash,2026-05-17 11:16:33.286,1
1779009526799,14.428718836274511,8.38178,22.00742012783679,-22.348618,103.65236,-7.340850065098039,-8.878841,10.12141785151179,-26.928772,18.166111,1.0280595890784314,3.2794101,13.046782885433933,-44.460083,22.66482,24.88673353442548,17.782218605043017,19.840545840681266,4.361106043212918,104.3876223274201,0.2370625287254902,-0.09600989,4.352717486468986,-9.444656,17.913235,0.8712144861764706,1.595149,4.719928636971003,-14.273114,9.334798,0.6754348069411765,0.11824796,3.984177254715122,-11.33223,8.76513,5.802337074702991,3.891938698957611,4.904481667309353,0.6405414604985766,24.090126236130708,smash,2026-05-17 11:18:46.799,1
1779009629502,17.992486103921568,6.8007636,27.750503415214567,-9.670547,128.36052,-7.112340192156863,-10.1592245,10.820479836902534,-33.98705,26.41614,-2.5412034647058825,1.7750496,11.571299701986701,-39.081036,19.291986,27.302472673604495,16.897987995076935,25.47788832419278,3.083303085399124,128.44618860909935,0.3445034662647059,0.23689541,3.9813631494138755,-8.467246,17.9404,1.354606,3.0994813,5.383673068077666,-19.684824,7.511675,0.3252497464117647,0.112122506,4.267809900224378,-14.726665,8.008769,6.55144101974761,4.728519060637524,4.622791207921764,1.7950216270286665,24.64279622153145,smash,2026-05-17 11:20:29.502,1
1779009632464,15.591652960784314,6.1072726,23.773657633296732,-12.807426,86.33185,-7.456279240196079,-9.323202,9.848415883558411,-39.431973,26.371822,-1.9352412430392159,1.5151402,11.40952605013659,-38.613914,22.234833,24.61615119398273,14.849530960046797,21.97205267185922,5.705123949043821,96.31458964825036,0.4945536603529411,0.37431872,4.821782151881814,-7.900908,26.446663,0.7552093439215687,2.5302134,5.499920222641013,-15.020953,7.8455124,0.09052934490196082,-0.45807767,3.9496301561653535,-12.543605,6.172597,6.604028442076097,4.376261286369405,5.045038244479289,2.182712880387943,28.703478161147697,smash,2026-05-17 11:20:32.464,1
1779009636231,19.40452692101961,11.241981,22.80804409351622,-13.290115,101.77789,-3.502988185372549,-8.038029,10.998401398405301,-17.930157,29.559008,-4.550070609215687,-1.6744395,10.550287376444448,-46.630386,6.866639,26.832197811353023,16.930738182266875,20.87615924261036,3.247420272868274,102.74400365864732,0.4129488078627452,0.047538877,5.010697056290688,-9.227202,21.935663,1.0464166487843138,1.7353687,5.093920354267715,-16.238987,9.430541,0.2858024643137254,-0.30866978,4.777048603297448,-13.37467,9.51976,6.949498860491254,6.360542167361032,5.097842616672679,1.4016174863752022,25.39870874583126,smash,2026-05-17 11:20:36.231,1
1779009637169,21.684388417647057,12.719991,21.005909804693406,4.933488,101.77789,-0.1340293657647059,-3.2949808,8.817013544890827,-17.930157,29.559008,-3.6542790246078436,-1.6193435,10.202907854653251,-46.630386,6.866639,24.9022787506425,15.277852557247428,21.99585086010939,7.3050204606978575,102.74400365864732,-0.5162303328568627,-1.3061872,5.377535856321576,-9.227202,21.935663,-0.4213849962941177,0.22704141,4.177756489225817,-16.238987,9.430541,-0.7274333084313725,-1.4766347,4.496441483753646,-13.37467,9.51976,6.336948443041072,5.069759183470629,5.15966626446263,1.3236990212947208,25.39870874583126,smash,2026-05-17 11:20:37.169,1
1779009675603,12.786359812941177,6.1216455,19.963917002928387,-15.571808,67.31654,-4.006249970588235,-9.006999,11.723183046229558,-16.205412,26.794624,-3.1498898778431372,-1.0312535,9.48547414992933,-32.447956,15.11547,23.09349166975608,16.529788698894762,16.590412207511935,6.648858069297215,70.63834075345808,0.27240007883176476,0.0263661,4.1291454608906415,-6.9097824,17.060465,0.9450698484313726,2.308898,4.6615716354390075,-13.686402,6.5149565,0.6026264659803922,-0.18762542,4.155086600844941,-12.356246,8.22862,6.059697698261835,3.9291684010371637,4.4662769641254,1.7257558598094807,21.96565627366089,smash,2026-05-17 11:21:15.603,1
1779009678092,16.648975089019608,9.246547,22.976707154950816,-11.346184,96.517426,-3.562334892156863,-8.008084,14.016731524482967,-34.147545,28.297789,-3.853150631960784,-0.18564959,12.633931493240162,-46.82921,26.482016,26.494390741066827,18.00612455783694,21.88246198099365,3.8997725509401455,103.12961968831816,0.24038631921568632,-0.47152707,4.547849937153638,-9.712046,18.666666,1.6017183533333332,2.1632185,4.73747926222978,-14.535444,7.5439,0.5945479719607843,0.26565844,4.824720317606566,-16.281466,7.8758736,6.5046184075527576,5.537291372737437,5.126853144141129,1.0248217989082211,22.164467263005918,smash,2026-05-17 11:21:18.092,1
1779009679242,17.40085007882353,8.036831,22.917744352203794,-8.878841,96.517426,-1.8647625652941175,-6.527679,12.88528624788559,-34.147545,28.297789,-5.211856702235295,-2.7679756,12.224352541000675,-46.82921,26.482016,25.918062902429536,15.651488556276904,22.262220896886355,7.006501824416441,103.12961968831816,-0.9734229164980392,-1.648547,4.907736653167556,-9.712046,18.666666,0.0068408782352941885,1.1944642,4.507398488879258,-14.535444,7.5439,0.518828332117647,0.27098492,4.8153315716602485,-16.281466,7.8758736,6.583348064774606,5.727812515853123,4.962234840170559,1.270465376596704,22.164467263005918,smash,2026-05-17 11:21:19.242,1
1779009681899,18.87667630117647,7.3517237,30.563286283115783,-9.922072,124.7709,-5.104083732588235,-7.9362206,16.797545733646096,-40.34944,51.36984,-3.654185043137255,-0.9294457,12.030714155277703,-41.39746,17.381592,29.227871985458165,17.833753173912047,29.888200741641313,2.655255770454099,124.79371043233127,1.4515480421568627,0.8399866,4.899784751673944,-7.4249864,23.91525,1.2540189885490196,2.2266037,5.329110138993472,-18.352936,7.254406,0.5175463064705883,0.16791743,5.091319146258655,-15.298463,10.767888,6.727450498417892,4.641918584925364,6.015931501819878,0.6896977632947969,30.692635518317047,smash,2026-05-17 11:21:21.899,1
1779009683054,21.605408235294117,9.263315,29.21546214660417,-1.4875922,124.7709,-1.0826859298039215,-3.3333085,15.118999332286041,-40.34944,51.36984,-2.032399091372549,1.5175357,12.298734919318287,-41.39746,17.381592,27.475853426548888,14.020125893433464,30.73928639735193,2.962426725022636,124.79371043233127,0.1242637832700001,-1.1964617,5.270182659014704,-7.4249864,23.91525,-0.1554941964117647,0.32345077,4.981246552438337,-18.352936,7.254406,-0.4155206474117647,0.06671422,5.502391390500429,-15.298463,10.767888,6.7582144231053265,5.378438730510451,6.040988739070158,0.3863158510126524,30.692635518317047,smash,2026-05-17 11:21:23.054,1
1779009712080,4.834733366666667,4.2376018,12.126790048754636,-8.568626,32.44077,-2.9677395929019608,-3.2087436,3.9228197684655766,-12.146274,6.634278,0.16719025098039228,6.2725606,11.67663001069606,-28.598421,22.792978,15.697769816325426,10.150845912097354,8.960867292214763,7.830283239914753,35.558520005426615,-0.01107856367647059,-0.016512103,1.2151407889950805,-3.5088217,2.684282,1.2705624235431372,0.025966613,3.0684818896122077,-1.2290864,9.378608,-0.3628484945098039,-0.056194413,1.5166732033366555,-5.6868215,2.0348504,2.1958401942796586,0.6187057196975134,3.1710140739329664,0.11900506813092888,11.12899932991073,smash,2026-05-17 11:21:52.080,1
1779009732715,5.215426572156862,4.861624,10.478843819448098,-9.282479,30.64416,-1.231675216862745,-2.3870943,5.657590399024872,-12.056443,13.08051,-1.568192982156863,0.58449674,10.171129776074963,-21.944979,14.571696,14.90334522543054,10.12864036183329,7.1073870653993225,8.117140826616941,31.569457819635904,0.26611796639215685,0.46087408,1.728075502526075,-4.963751,3.964103,1.0310873097686275,-0.07936462,3.4630645633881074,-2.271213,9.809653,-0.48960317550784316,-0.30041373,1.4172202533403797,-4.634175,2.9074616,3.0029487881888146,2.0331685640175805,3.0316106955934137,0.227699932040059,10.540329291745136,smash,2026-05-17 11:22:12.715,1
1779010057816,5.208921137254902,5.2209454,6.207197088584369,-3.8603137,26.697609,-7.875159213333333,-7.070255,3.1704204467362995,-16.411423,0.45514092,-0.7255481631764706,0.6551634,5.07781865793442,-13.04937,5.761126,11.685058661615141,10.360393651310263,5.1540912307502,5.032428022135793,29.595163649077563,-0.2396317604117647,-0.36606267,1.144456378606788,-1.6942216,4.119503,-0.5075904820588235,0.37764776,1.8963105431898966,-6.312417,1.0732867,0.05745292546274511,-0.15446806,1.6669725457442508,-2.4392636,4.3695817,2.2521309726164223,1.7410083844720106,1.683976102529604,0.4435935009616722,7.70961732651266,forehand,2026-05-17 11:27:37.816,2
1779010077840,5.822515905882352,5.283228,5.801747202178489,-1.9966314,23.805069,-6.289305445294117,-6.7324924,5.456402847534117,-15.879627,4.3477936,-1.1103512912745097,0.7509825,6.262997498145089,-17.219898,6.266572,11.923184470247897,11.187187972303326,5.816863326743051,4.915042895792863,30.928271730204678,-0.7836433850882353,-0.67073756,2.183076975421552,-4.9337897,6.301631,-0.5185907109019608,0.34315878,2.5385872184992904,-8.015294,2.3066342,-0.591088359,-0.556085,1.6044053299746033,-3.4208016,3.820288,3.3870072377260456,3.217358625940733,1.8276157483346696,0.6566441720043931,8.20572376534675,forehand,2026-05-17 11:27:57.840,2
1779010086863,7.313607336862745,7.240334,7.040120528977243,-3.403975,27.082083,-5.607392509509803,-5.149081,4.493776212546208,-17.86428,2.2397723,0.4983299743137255,2.922484,5.93120717995921,-17.601976,9.384287,11.99277813860894,10.052739849119108,6.716912594622125,4.9786196381724785,32.61810307306584,-0.5188492280980392,-0.9636942,2.4957918336678593,-3.5406475,10.369334,-0.4558661595098039,0.11185618,2.598609373834286,-9.536938,2.464165,-0.6120104697843137,-0.14980738,2.102462214224798,-5.2608356,4.1437387,3.3902268636941435,3.134841064936344,2.5587478898507956,0.32404188123748834,11.58411768576145,forehand,2026-05-17 11:28:06.863,2
1779010096008,3.957894204509804,5.4760637,7.6590302495446725,-10.840738,26.205338,-4.35378226372549,-3.027885,5.006256478005077,-18.694315,4.52985,1.3135442501960783,3.3009694,7.874055331560255,-23.155893,10.57484,11.768902452848511,10.26451031996294,6.443566507749776,3.5620476731601887,31.151217617639364,0.45391832173921565,0.0065249437,3.437297241593465,-5.626632,12.172216,-0.5772212101960784,0.24954581,3.194310842836173,-11.817472,3.449165,-0.1779568128627451,-0.44809052,1.6652154292860963,-3.4447708,4.3578634,3.8683844361317923,3.425198040879326,3.1796545561592984,0.5071482287192227,13.635139104656256,forehand,2026-05-17 11:28:16.008,2
1779010101355,6.224838826803922,3.9477487,7.865439656115073,-3.7944381,33.69001,-7.608345117647059,-7.1301417,3.158375273077083,-14.954972,-2.3284051,-1.1615018000784314,0.123367146,6.741116598574434,-25.00161,7.465509,12.572107489141155,10.18641947561393,7.483875772510087,5.344178566269303,39.62981935253737,-0.4845847803137255,0.04154658,1.8968542826810162,-4.5042086,5.021277,-0.7735126298811765,-0.08322632,2.2617028278301006,-7.167185,2.0404432,-0.7614366579803922,-0.9968516,1.4044573904546152,-2.7739,3.0632613,3.019146694160484,2.7752771232361555,1.6821097759418706,0.4780464023682491,8.219338529410791,forehand,2026-05-17 11:28:21.355,2
1779010106931,7.2506438774509805,8.071565,6.325899063832681,-4.272336,25.818468,-6.570093080392158,-6.399521,2.995376144474377,-12.9128275,1.4097391,-0.36718928323529404,0.94381857,5.873978580202922,-19.214134,4.3477936,12.13346901230576,10.696405892573882,5.578319938972362,5.0775863137899,26.294892070750876,-0.37111238670588237,-0.19241926,2.0534215941063976,-4.547753,4.766671,-0.674591458254902,-0.019308507,2.4677268426623287,-8.00291,2.2214105,-1.2996413723529412,-0.7815285,2.0920561593583757,-4.934855,3.9068434,3.5802533749173278,3.6770081560443364,1.9838950386636687,0.7999503542725946,9.317318361881677,forehand,2026-05-17 11:28:26.931,2
1779010111644,5.081890372843137,5.9886966,6.231680087676931,-7.2606955,20.838268,-6.4110286278431365,-4.69394,5.058348137738505,-20.659805,-0.54497135,0.21920978470588237,2.5032752,6.86435902430562,-18.370924,7.3648987,11.949105728508721,10.649551416780026,5.849602287375925,3.460198210383753,26.736606466026107,-1.0728688886862745,-0.96156365,2.479802066216058,-6.0811143,4.363323,-0.658283006862745,-0.61187994,2.4583232472107532,-7.389965,2.4907973,-1.1043499890196078,-1.4039282,2.1479752351887424,-4.822067,3.1861699,3.991278046081548,4.363018283105685,1.8487063491673417,1.0532944996674176,8.43366300103834,forehand,2026-05-17 11:28:31.644,2
1779010117191,6.800293860784314,5.4053974,7.230950753137167,-3.2494667,34.733242,-5.8811112343137255,-4.788562,4.711290175185834,-18.096643,0.23954785,1.0995246584313725,2.682936,6.242983810228131,-20.062132,7.8439946,12.067914590834738,10.16371549772462,6.970776554086413,3.855019895707341,35.16030330920581,-0.835508725745098,-0.7434441,2.212462705151914,-4.5675936,6.160612,-0.647055642457647,-0.43184474,2.496557974325949,-7.9433866,2.8483377,-0.713307684490196,-0.72213817,2.0529166528919998,-4.1269603,4.0434675,3.559000761550359,3.4499349079847215,2.0200293406766385,0.5066594732625235,8.258435786449157,forehand,2026-05-17 11:28:37.191,2
1779010120616,5.940974750392156,5.059251,7.279783574035801,-5.173036,23.496052,-4.679473326058823,-4.5142794,5.3080936186523315,-15.465209,4.74185,0.33254882078431364,1.6852192,7.15043610657571,-20.039375,8.220084,12.05110973266624,10.738235100038704,6.528040875898879,3.066760214791543,30.161803983198737,-0.2849408366666667,0.06804584,2.7661515397534155,-5.6245017,6.4270697,-0.3589006302156863,0.6225329,3.2820959785090484,-12.269158,2.4260807,-1.8207648009803923,-2.0685403,2.782085598047419,-6.457697,4.512864,4.650692818373901,4.037700985078029,2.774511700195209,0.6061067996491039,13.48976055097733,forehand,2026-05-17 11:28:40.616,2
1779010125582,4.459441637254902,3.6914325,7.6765373660322265,-6.63308,21.961748,-6.55334825254902,-5.422166,4.408302676598726,-18.166111,0.51981884,-0.025387410980392176,2.365535,7.517918738390158,-20.57237,7.7182317,12.267134793577561,10.26375624902351,6.743850748643652,4.150349077581695,32.23201281266562,-0.1946725628686274,-0.47951677,2.4130599768454473,-4.038008,7.2149897,-0.7708702522549019,0.38763493,2.7848523095932864,-9.082588,2.009949,-0.9042308245882353,-1.0738193,2.317983759190415,-4.5915627,4.0919385,3.790192526481939,3.659958349817278,2.403581939903426,0.5624104178336142,11.411230685611159,forehand,2026-05-17 11:28:45.582,2
1779010136259,4.853709234509804,5.362279,6.666138941622443,-7.814051,19.494404,-6.374932068627451,-5.4185724,3.5539916205490947,-15.042407,-1.5750271,-0.19189658294117642,2.062507,7.07941133854362,-22.122244,8.537485,11.816359109789413,10.418401246055653,5.503384259350459,3.0704750292639185,28.30594888542078,-0.5214837456666667,-0.85956144,2.0845600558849533,-4.613801,5.2605696,-0.49183035579999995,0.17071383,2.719194570496269,-9.41536,2.2483091,-0.36248555749019606,-0.37391922,1.9450157940381172,-3.9305463,3.9160316,3.302000765890282,2.9541305749890303,2.2493034205152598,0.29652585093534245,10.787783938536892,forehand,2026-05-17 11:28:56.259,2
1779010140496,4.735884581960784,3.0829809,7.20447890699057,-6.0258265,24.451847,-6.766757203921569,-6.4965377,3.1537959022279534,-17.211514,-0.8827338,-2.6569379835294114,0.6288131,7.411223742157125,-22.454018,5.87012,12.166536289382774,10.737647264925464,6.524917521960384,3.504824615782463,30.775255038847966,-0.5084677956862745,-1.0172254,2.3472084220618,-4.512598,5.6346216,-0.1973566961764706,0.59563416,2.5396155999771453,-7.8171487,2.7957387,-0.5598970885098039,-0.7796642,1.5203168858968843,-2.4846718,3.0009415,3.4101235419744724,2.8723079021710283,1.7412840594276078,0.6823045887052296,8.366160756514443,forehand,2026-05-17 11:29:00.496,2
1779010150782,5.642056453333334,6.940899,6.588181682024747,-6.9085603,24.896208,-6.691393598039216,-6.1084704,4.0478888222609495,-20.876596,-2.4685407,0.4403923296078431,2.3260098,5.588133340989634,-17.618744,6.1935096,11.638651547846788,10.090701952017328,5.5845256365118665,4.087264024004398,26.96716589386764,-0.10920858480392157,-0.3922956,2.517934456547949,-4.4221807,6.791934,-0.5134940011764706,0.1402197,2.687786364558128,-8.81693,2.758986,-0.8945857113921568,-0.72706515,2.209016849688723,-5.002235,3.615884,3.6507610207549908,3.4821115564567147,2.4385921518693587,0.2711279139378948,10.246684333187249,forehand,2026-05-17 11:29:10.782,2
1779010181494,4.73419362545098,3.1153197,7.194664033239368,-5.149081,22.195307,-6.140738756709804,-4.7969456,5.69031952614371,-20.356777,3.9860764,2.3072685764705883,3.9621215,8.280560942092084,-18.858404,12.452895,12.82313729243419,10.52242467643749,7.193243663450277,3.894598196192471,32.3272421113088,0.5705422254509804,0.11039139,2.79207610578592,-4.586636,9.200437,-0.7147385393725489,-0.38164264,2.152352381904465,-7.2360296,2.1179435,-0.4130636783137255,-0.89165354,2.1313021258047473,-3.4626145,5.085328,3.631955152909941,3.2622392882048614,2.131424253342322,0.7887203693479865,9.301179720453794,forehand,2026-05-17 11:29:41.494,2
1779010186136,5.048024826862745,4.716697,5.5083910660864825,-4.9083357,17.70139,-7.347472953137255,-7.0678596,4.778831618689174,-23.484074,0.54137814,1.8737573819607842,3.7692854,6.338205712137648,-17.756485,9.270502,11.880706719569167,10.62208783869261,5.832383492727197,2.4993035836825257,30.899543936698905,-0.026815188333333326,-0.40840822,2.0280063874085683,-2.9074616,6.2702045,-0.8943611800980392,-0.24848051,2.4693789238990846,-8.553669,2.0249963,-0.35140961450980396,-0.43956816,2.0448163315597783,-4.807019,4.149997,3.262230287810501,2.6374320013762116,2.116482485885263,0.36755624777018214,9.69157444754985,forehand,2026-05-17 11:29:46.136,2
1779010191603,8.453620301960784,6.7444696,6.866364595724253,1.7463039,33.919975,-6.82013877490196,-6.18273,4.282874178623829,-16.73721,3.7920425,-0.7116215188235295,-0.14372872,5.746778014985069,-16.507242,7.6691246,12.974684290980951,11.41270312687185,6.903639086453246,5.581559242270411,34.25925445119154,-0.11170212743137256,-0.43757072,1.6876905643548379,-2.2477765,4.1032577,-0.3103956746666667,0.4431635,2.497179161169755,-6.7097726,2.7234316,-0.9092622606470587,-0.937195,1.9716856080555312,-4.6078086,3.5010984,3.374149378010718,3.099292458536149,1.5210055713606465,0.792411451906817,7.1348903861267745,forehand,2026-05-17 11:29:51.603,2
1779010196396,7.983026287843137,7.041509,5.708412911461013,-0.51622564,22.803759,-5.929232113564706,-4.8400645,5.1260165516163525,-19.966314,4.213647,0.8425039343215687,1.6157503,6.273984829627555,-18.275106,7.9050794,12.613835741459798,10.355241960760942,6.125363784464669,4.196938217308151,30.642073929499713,-0.2062315645098039,0.5801873,2.379772560644714,-4.365187,7.2879624,-0.8681674241568627,0.08722119,2.626171406700422,-8.813868,1.6192514,-1.2917900256666668,-1.3926095,2.2977173678573064,-5.239929,4.9319253,3.8818152520836366,4.031069122831257,2.2324888158879865,0.6430785117872144,9.904948320648776,forehand,2026-05-17 11:29:56.396,2
1779010208878,2.7465805951490196,1.8708687,5.359436200119293,-3.2446756,22.640865,-8.986027182352942,-8.272785,2.9529686777650537,-18.07149,-5.5239735,-0.6082871663921569,0.9282479,6.554524145817589,-21.330538,7.9769435,11.87093173019324,10.195986223224656,5.206113468516671,5.994602854229595,27.872211622259567,-0.25630835062745094,-0.23250106,1.3503541990048884,-3.4650114,2.6920054,-0.450973105,0.29761735,2.3138562964582836,-7.5468297,2.0843866,-0.44156035790392156,-0.6142768,1.1329388766256874,-1.8200598,3.2455602,2.4773092592253687,1.9621436715948866,1.6353784636530206,0.7774403511683344,7.697757199576665,forehand,2026-05-17 11:30:08.878,2
1779010212767,3.051440407254902,1.2360669,5.750960992327148,-2.1762922,22.380957,-8.872758627450981,-8.38657,4.533831820160013,-20.059738,-1.3258973,0.3929758905098039,0.73660964,6.940012179832815,-19.802223,9.783134,12.284413537234546,9.98652812153914,6.150072816486922,5.010583413833716,30.1366715352185,-0.5764927373137255,-0.15247062,1.527505771651372,-3.9253528,2.449251,-0.7223809926470588,-0.08269367,2.137557368046482,-7.261197,1.5667855,-0.7181694058627451,-0.9451847,1.1257872880972524,-2.570162,2.7082512,2.6222872889713997,2.110284053305838,1.5978887143275997,1.2023348732100372,7.643606229957152,forehand,2026-05-17 11:30:12.767,2
1779010217591,4.759111364960784,3.1668227,6.149306494616971,-0.8108695,24.786016,-8.994387869803921,-7.9218473,3.5524056316874915,-18.04993,-0.78811246,-0.19342312098039213,0.7437961,6.891942112240905,-20.351986,9.342366,12.64545824224789,10.689305500107192,6.362698621560663,5.593775381856416,33.389909372411616,-0.45528388880196075,-0.6105483,1.2301225028221967,-2.6278212,3.409483,-0.5718007256862745,0.49975744,2.446770542149936,-6.502306,2.877367,-0.7676065064313725,-1.1028486,1.6014213266023565,-2.8744376,3.527864,3.0206342685674374,2.7763658583184223,1.3797282826050603,1.1451064207218196,7.0672085431673075,forehand,2026-05-17 11:30:17.591,2
1779010222018,5.189264119019608,3.9752967,5.810622817186521,-3.31654,22.912752,-7.683356490784314,-5.8641315,5.1721970076236135,-22.07673,-0.24793203,0.7390521157000002,3.1776023,5.853402686979475,-16.367107,5.634166,12.021161489259715,10.428554166221849,5.968047589983267,4.031242055408471,29.978435986169742,-0.4959009479607843,-1.1297474,2.342522594267066,-4.515128,6.8750267,-0.5337581519490197,-0.10146953,2.1861833082325703,-6.8855467,2.178399,-0.1380917246862745,-0.22517714,1.309848555238584,-2.3160887,2.3315356,2.9344143514790066,2.596047444668806,1.9391730190451675,0.5876946302413804,7.761635644884991,forehand,2026-05-17 11:30:22.018,2
1779010284589,4.825973370294117,1.2097167,10.728843819682316,-6.1947074,39.349327,-4.376961979607843,-3.7597036,4.486379444819732,-11.619268,7.5553393,5.79348832045098,6.8055544,4.515933253436968,-6.1539845,11.52345,13.261566775897945,10.791482188722574,7.3331695373176125,5.629919319808378,41.90051723575342,-0.22713280472549022,0.3114662,2.4284223820687885,-7.241223,5.120616,1.0992689487254903,0.07204071,2.708034630079805,-2.1696103,8.237675,-0.5604950147549019,0.47885096,4.016288390869355,-11.08548,5.087725,4.164050045441589,2.7216485619112634,3.6442803327376363,0.5669785357572,13.371996525872648,backhand,2026-05-17 11:31:24.589,2
1779010289996,5.468102522588236,4.5957255,4.043643852656731,-0.85997677,14.269866,-5.7610084911764705,-6.3216677,3.323920637989652,-17.372011,4.7717934,7.089160415686274,6.901374,4.311802987876117,-4.732268,22.456413,11.857395060091184,10.703804452521226,4.265424442967565,4.339846391570104,26.531724979127226,-0.14606839824509804,-0.0050601605,1.977166292151173,-6.124525,9.128396,-0.20350305303921568,-0.48604172,1.3433872557647992,-2.1600227,4.734579,-0.5556646197647059,-0.12224282,2.553033703536106,-8.641955,2.3824034,2.5495222482164253,1.8947589873716675,2.4455541051329583,0.500129414550796,12.169648989684108,backhand,2026-05-17 11:31:29.996,2
1779010294457,6.955084086352941,6.5707974,4.2447126669824815,-0.022757046,26.879665,-0.19757999043137253,0.18205637,4.9351736007985725,-25.777744,9.407044,7.928282498039216,7.8487854,5.934583837429695,-15.144216,20.846651,12.598016308503857,10.45469145688298,5.404062175640833,7.056478990506549,31.823187001157393,0.8024845245098039,1.0655632,1.267332527228017,-2.1176772,3.9013836,0.14270539852941178,0.24555095,1.5340871361612851,-2.4954581,2.5303466,0.05752080764705882,0.3898987,2.111466348534803,-7.617539,2.5563133,2.5431613075422206,2.5360890857368044,1.5817175398533867,0.4582539408813924,8.75377185344219,backhand,2026-05-17 11:31:34.457,2
1779010298563,7.0092406294117655,6.4103007,4.376053860606514,2.255343,26.804207,-3.1148970943137257,-4.272336,4.61845566154457,-15.06756,10.663473,7.824220075686275,7.4211926,4.693760376116522,-2.4278176,19.648912,12.623706006929295,11.868725041070615,4.734735599860343,6.567187012373792,30.827808701241693,-0.2677159168039216,0.016112616,1.6306802035265282,-3.6901886,3.7379937,-0.2706272024117647,-0.6247966,1.170739506901027,-2.8119845,2.1186092,-0.1451075415490196,0.1592619,1.8930874337628145,-7.777733,2.711447,2.2934391790298383,1.7773298194836489,1.5549131336102338,0.7608006150461795,7.9125457830421295,backhand,2026-05-17 11:31:38.563,2
1779010303129,7.121663796078432,6.000674,4.2690854372602525,1.1833664,22.752254,-2.5756091349019608,-2.7152748,4.408961363009499,-10.803608,15.80417,7.52217838745098,8.214096,4.592404893908185,-5.785081,17.961298,12.293573987479899,11.02475972864663,4.562163818499943,5.988957765379634,25.258404427926603,-0.23058456084313725,-0.21119511,1.5412238724667335,-2.9615254,2.585742,-0.2859069010392157,-0.26459312,0.9618276986135974,-2.65725,1.2740952,-0.22180891529411761,0.7136158,2.0056030033581624,-7.053065,2.0154088,2.315885278198219,1.890619821135767,1.4283309330223661,0.5475853686941996,7.57034788274971,backhand,2026-05-17 11:31:43.129,2
1779010312553,7.387350510490196,5.8809,5.664943721062761,-0.093423665,24.488977,-3.828233067254902,-4.2316127,5.054258317002862,-28.00075,7.792492,7.7747604898039215,7.643972,5.528163890519759,-7.1672716,23.49126,13.10827893577664,11.19916072178536,6.723311334153493,3.7356641623981393,31.24995363122151,-0.453333452254902,-0.064450465,2.642142184404779,-4.786246,11.585903,0.10003346609803923,-0.09041708,1.478626410829552,-3.0014741,3.5373185,-0.5159248700784315,0.37658247,2.3726780623246517,-8.279887,2.178399,3.024432302026193,2.6318889827619096,2.440911370954609,0.531188766076763,14.437259995584895,backhand,2026-05-17 11:31:52.553,2
1779010321739,7.181433283333333,6.5696,3.9725227160105825,0.52341205,22.630085,-3.1933372962745095,-3.7129917,4.321942254436718,-22.63847,7.853576,7.212809419607844,6.5073175,3.581530885410431,-2.700902,18.863195,11.74881664399144,10.883195249973614,4.750053223792066,4.956565986617671,32.108184647385066,0.04477119294117647,0.6748656,1.2327127870166183,-2.5279496,2.7584534,-0.2791130265294117,-0.5261235,0.9336418865592488,-1.6525419,2.411699,-0.17183918437254903,0.1972131,2.1091708374139997,-8.04459,2.3357966,2.165257033045837,1.7525931644022923,1.4728852029216504,0.6756148846166415,8.464842844925059,backhand,2026-05-17 11:32:01.739,2
1779010325585,9.078065225490196,6.9935994,5.014097425334642,2.9715912,31.059774,-2.168048966901961,-1.1917505,5.3901666652643545,-31.998802,13.136805,6.400812635294118,5.9563575,5.340929451789043,-8.404536,23.055283,12.963898765531818,10.580368274588176,6.4761424895064685,5.359570344408799,45.20110160133827,-0.48601823784313725,0.2994816,2.2085192079024707,-5.1963854,3.4885812,-0.5109978728431372,-0.12677033,1.409205027680218,-4.2914157,1.5627906,-0.4085022190196079,0.45301753,2.086134031254812,-7.815418,1.8536167,2.793232614319093,1.7188301468263059,1.9836003731758896,0.6361719722404526,7.879896121601259,backhand,2026-05-17 11:32:05.585,2
1779010329352,9.658358198039215,9.535202,3.6079304336950195,0.7617622,18.399672,-3.029622740960784,-2.8733766,5.762888320244496,-27.277313,8.822548,4.37012790745098,4.216042,4.049166198875325,-7.3325596,20.13759,12.546053043945241,10.852751074854547,5.105291377765167,5.472017538829517,33.29176161840576,0.3309470247058824,0.4765872,1.721218238057817,-3.683797,3.1894991,-0.11682757317647058,0.058325008,1.2379753283088086,-2.7238312,3.2129354,-0.8124481849803922,0.19654728,3.3368297076838442,-9.479811,4.3766394,3.371064110841852,2.9342401367137847,2.1993554810606026,0.5831039639455493,9.574897840291145,backhand,2026-05-17 11:32:09.352,2
1779010335400,8.693473465490197,9.37231,5.646652974716961,-2.292473,23.0469,-3.8305111074509806,-2.916495,4.767179932730836,-22.014448,5.3862333,5.4552092392156855,4.764607,5.853138470800397,-10.356852,23.064865,13.165008510716891,12.299639373466956,5.873236108148204,3.207276990968882,33.51208593484757,-0.18227019956862742,0.29601938,2.1510949103013464,-6.2118797,3.1576734,-0.43313982701960785,-0.26232937,1.6807341442585113,-3.3104103,4.319513,-0.7237230505294118,-0.4330432,2.576333927283501,-8.128348,3.7985826,3.2719024329030533,3.1564762659398617,1.9823270117923173,0.5668397533796875,9.731348060127157,backhand,2026-05-17 11:32:15.400,2
1779010345199,9.58231338627451,9.117191,5.280068692032722,2.1703036,30.293222,-1.193112712745098,-0.91387504,5.550502240866846,-28.966127,11.794139,5.185389074215686,3.674664,4.147205648864393,-2.8027098,16.647379,12.605079640208025,12.60849799262549,6.029583700669963,2.9708319188158545,42.00679700648966,0.16419150999999998,0.87514144,2.151939278347283,-4.315518,4.377039,-0.5246691849803922,-0.24741521,1.50655985405858,-4.189014,1.7554762,-0.2902046327509804,0.7708755,2.340394683886855,-7.634983,2.2488418,2.963470759961588,2.2537689462961854,1.9530475787994803,0.7214813730892123,8.501806179828947,backhand,2026-05-17 11:32:25.199,2
1779010348777,8.128657164705883,7.746978,4.4605597970822695,1.4109368,23.948797,-3.5613720547215686,-1.6612644,6.743512414973642,-42.334095,3.0422578,5.686537230588235,5.3023915,5.030120488510126,-8.336266,22.333046,12.606918267410856,11.370286136985474,6.471293249736675,5.623928882209551,49.34788554780224,-0.6612491181764706,0.014115185,2.214477059962242,-4.850563,3.4124124,-0.48458216930784315,-0.3104009,1.2744293147982149,-3.2251866,2.6577828,-0.541982836509804,0.17137964,2.8968325679301334,-10.402358,2.6516573,3.3594238254586655,2.9632928243456567,2.0960454741897,0.3528703920243076,10.955898601222303,backhand,2026-05-17 11:32:28.777,2
1779010352506,9.336612458823529,7.841599,5.215053386963772,1.1737845,23.284052,-2.4427070375686277,-0.840813,4.580125741097578,-15.876034,9.226186,5.648045239843138,4.640042,5.900507452168636,-10.591608,20.452597,12.935476417542018,10.28139822790489,6.313287327662441,1.8982957842116335,28.18151371206147,-0.042262001372549006,0.12730299,1.7736160262839935,-3.3339798,4.7175345,-0.7663532001568628,-0.3884339,1.3827792018817173,-4.3152514,1.09659,-0.3629477329411765,0.6611499,2.6576230366319296,-8.736767,2.559509,2.982344227929127,2.324012154575124,1.9451782301792127,0.4294726669487981,9.309945927672812,backhand,2026-05-17 11:32:32.506,2
1779010357759,9.524939317647059,8.223678,4.668476154721223,1.254033,25.166897,-1.5541489033921567,-0.65755886,3.9523743487179988,-21.786877,7.2594976,5.346003597058824,4.111839,6.684139356142231,-21.518583,18.906315,12.838876438153479,11.955399960275564,6.1736668761756714,1.9545380757041348,32.398240937390085,-0.12807061745098036,-0.04926998,1.8389470059668855,-4.125895,3.91976,-0.5409723957254902,-0.29894894,1.6186924042091693,-4.1725016,2.7307556,-0.3497698869411765,0.41506633,2.1929630368168236,-7.6714697,1.6059351,2.768465293785613,2.161073901635437,1.8529193236859136,0.6216855527393191,8.144220173515395,backhand,2026-05-17 11:32:37.759,2
1779010361919,9.210591492941177,8.353034,4.356845999022743,-0.59288096,28.610397,-1.1038929033490197,-0.20840663,5.332212849060266,-30.504025,12.387019,5.227075144901961,4.1980762,6.14407016909585,-21.037092,20.511286,12.51174132364603,10.795306031332776,6.413506245294593,2.205527205345841,46.81463016530941,0.038118329117647065,0.6062871,1.8840820629720652,-3.800713,3.600171,-0.6021956394117648,-0.48737335,1.3596087480915102,-3.748114,1.9010224,-0.4104683030862745,0.278442,2.0073024972365423,-7.3573403,2.0886478,2.718895283626889,2.269181810433842,1.559023235284315,0.3946693801351653,7.497726978337173,backhand,2026-05-17 11:32:41.919,2
1779010376409,8.650871529411765,8.638096,4.282865040713345,-2.360744,22.480368,-1.154244894509804,-1.2672081,4.858531343768564,-18.120598,16.030542,6.361381146078432,5.259273,4.724587230120329,-5.374256,18.999739,12.60142642258389,12.289180291078438,4.611712003266618,3.4371028746135646,28.884372144934733,-0.13862176419215685,0.061387736,1.599312051032691,-3.4271934,2.7545915,-0.4660569775882353,-0.5037523,1.3242584043125916,-3.2270508,2.4770818,-0.2079940004901961,0.06751319,1.6130315718527652,-6.0981593,1.6454843,2.3317280012155153,2.127934181561509,1.285657794620188,0.6234842619821144,6.233374857288364,backhand,2026-05-17 11:32:56.409,2
1779010379915,8.67264216709804,8.132649,5.550227701726045,-1.8361343,31.432272,-0.9103992989803921,-0.2958416,5.06697448927688,-20.59393,15.249617,6.366125074509804,5.5742784,4.872141891875512,-7.5050344,19.291986,12.845066300220779,11.431783202276305,5.551927707102373,2.82898891904276,37.66077687450236,-0.27662732805882356,-0.065515764,1.4995282579394988,-3.38831,3.565549,-0.459913232254902,-0.24634992,1.311256021993063,-3.4036238,2.0110142,-0.36854835627058824,0.30094638,1.662972150106581,-7.105664,1.1537166,2.1431291202198373,1.3538699236599303,1.5750998110932566,0.2506790115518922,7.142299819035503,backhand,2026-05-17 11:32:59.915,2
1779010383816,9.31056747254902,8.321893,3.8134018361163857,4.216042,23.018154,0.7229882780392157,1.4576486,5.315555960596312,-20.403488,11.529438,5.650863364705883,4.528652,5.645344740373019,-8.882435,23.49126,12.73188473451522,11.399777308903225,5.5541558753730245,4.557283597668654,30.750687018242907,0.11448287394117647,0.65542394,1.397095883371981,-3.0857658,2.3083653,-0.412959225254902,0.12743615,1.524804602033731,-3.8984542,1.6207161,-0.10608321745098041,0.41346836,1.769649198190068,-6.250763,2.1907833,2.3789814826525566,1.9023079841279074,1.354479058099566,0.4973327920808106,6.252441626793445,backhand,2026-05-17 11:33:03.816,2
1779010414040,4.817283880980392,4.0591383,4.259395312583563,-0.69947976,22.216866,1.3609136554901962,1.6001797,5.688692908395315,-16.706068,16.646181,8.530205143137255,8.277576,4.649263375424663,-6.5899615,22.475578,12.209215558925303,10.847523153108755,4.455585916583027,5.663823631118779,27.93737271044877,0.7356397525882353,0.74544156,0.830683659833454,-1.0393304,2.5559137,0.19733058823529412,0.26565844,0.8559703341784625,-2.3690872,1.7995528,0.19152630221568626,0.3648642,1.8655522215529856,-6.967841,2.2938507,1.9072375052058794,1.5649178510510526,1.3497492098398725,0.44288232330587374,7.636877197069266,backhand,2026-05-17 11:33:34.040,2
1779010430170,8.61740522745098,8.008084,4.343432871464551,0.6407905,22.158176,-1.8300986559999999,-1.952315,4.235673167200855,-20.876596,9.040536,7.627344619607843,7.162481,5.3387787337878185,-8.862073,23.193024,12.899718909309861,11.378691656127298,5.837732269254295,3.9286463441622295,30.671663265792073,-0.11592414180392158,0.4309126,1.3441466733291336,-4.9549623,1.4622532,-0.33727353211764705,-0.2994816,1.2261479149430903,-3.091758,2.6085126,-0.36182237994117644,0.046207253,2.5289309422347026,-8.602673,2.456042,2.6410466864853626,2.3706431051212657,1.6894673626368941,0.3826609557593231,8.991380703351565,backhand,2026-05-17 11:33:50.170,2
1779010535425,7.776146123254902,4.613692,13.077998709972915,-3.334506,51.759106,-4.226892432490196,-4.359771,5.25996843559044,-17.578022,10.034659,0.7352709958039215,3.1500542,9.576802838017375,-30.82981,9.681327,13.923445392494362,10.02833772549718,13.157891092625094,3.123879586725932,62.72478110434743,0.39376818629411764,0.41147095,1.965198128633814,-3.1660626,4.7570834,-1.6080657092745096,-0.84451413,2.9208034132942564,-10.378389,0.94398624,-1.3230544256862744,-2.1885195,1.974510560183378,-3.2607408,4.115375,3.9127072959503266,3.231620703851479,2.292935677769538,1.3832128498882232,11.526043455164189,lob_forehand,2026-05-17 11:35:35.425,2
1779010539599,7.648363709407843,5.8868885,13.383430249122227,-11.074297,51.627354,-4.239010633078431,-2.5739417,5.733211540444722,-19.620167,4.8220983,0.812137636862745,3.257851,9.631522819737944,-30.159075,10.868286,14.631764247177241,10.660025827390937,12.84720308804272,0.5866294300774031,56.70453013234471,0.8552010738039215,1.0760831,3.095415542494846,-5.7109237,7.061587,-1.7039972875039215,-0.9501117,2.955799519552828,-11.310124,0.9483806,-1.638831413529412,-2.6089122,2.7153336919233553,-5.4826837,4.331231,5.131853978923254,4.4684653374255054,2.296932821809709,1.527905621943356,11.90800089987519,lob_forehand,2026-05-17 11:35:39.599,2
1779010542695,6.608796552607844,2.5475914,11.072830187115448,-4.006438,44.845753,-4.117005700196079,-2.136767,7.892835890599029,-18.812891,8.786615,0.5315614196078431,2.6026874,8.26090081058359,-32.03713,7.9050794,13.602891032286696,9.667081575903534,11.24873978208213,1.4152575818219306,47.93789454445543,0.013540753019607813,0.3837732,2.268801859121949,-4.633509,3.6860607,-0.9360147778431372,-0.15753078,3.110138531561943,-9.869976,2.7629807,-1.4381221654901961,-1.9166024,2.805525579698575,-6.229457,5.2425923,4.511095447350105,3.9459394699260466,2.2221179061406806,0.7464974258254494,10.195116419538977,lob_forehand,2026-05-17 11:35:42.695,2
1779010549756,8.7991563510549,3.6183703,11.460140159440842,-4.0447655,39.40083,-1.3910919496862746,-0.6922933,4.377796502904707,-10.748512,10.340083,1.2275418106666667,2.1655126,8.196429277873229,-21.640753,12.682861,13.80343790998041,9.919843795942972,10.286897621168103,3.4890237391672296,44.03267493482104,0.5926262598039215,1.0483854,2.9476445145364263,-6.1856465,6.2060204,-2.1776758389019606,-1.8910352,2.4118137044138335,-9.124269,0.5831169,-1.9883323317647057,-1.8610737,1.7619958153573556,-5.5778947,1.976259,4.614250876387075,4.440707655733487,2.26292458596158,1.7207968849381623,9.286829978689612,lob_forehand,2026-05-17 11:35:49.756,2
1779010552641,6.751045710137255,3.9669125,10.696421971883938,-8.326683,37.927612,-4.420198084313726,-3.5584834,5.971267821311387,-16.171875,4.069918,2.0806610347058823,4.2423925,9.134920938270108,-26.042444,10.671857,14.126485685635553,10.931165827532865,10.039935815466285,2.551551917439847,48.16886117427118,0.4063167870784314,1.4836923,3.2422498200435856,-8.639158,4.5731864,-2.1518005841764705,-2.0517619,2.789683826935345,-10.507156,0.9920578,-1.6188022395098038,-2.212888,2.2317611264183768,-4.425776,3.8924618,4.8971952955847815,4.3798740059204295,2.5253281467086732,1.8670145896887511,11.093283102497345,lob_forehand,2026-05-17 11:35:52.641,2
1779010559295,5.908400843529412,2.517648,10.274209697047638,-6.210278,36.509487,-2.0084208288235295,-1.4061459,6.031616736140153,-14.822023,5.916832,2.1608155371764703,6.1539845,8.04963414885516,-22.34742,8.893214,12.690081678064349,9.268488808338459,9.325329963872775,4.564408233080937,43.603090294833045,1.0385522670588234,0.41919434,3.2741891554866345,-4.383963,8.332354,-1.2834399748039216,-0.8173491,2.7577326131255364,-8.358453,2.9202452,-0.46532328098039216,-0.19747943,1.71583887729503,-3.1685927,2.3371284,4.426853033245938,4.1742007602108036,2.069231727382143,1.0253284009282608,8.505043456886423,lob_forehand,2026-05-17 11:35:59.295,2
1779010562345,7.435706266862745,6.1300297,9.948417939527541,-6.115657,42.26702,-4.590371007058824,-3.2590485,5.892818571459906,-19.900438,4.1549573,0.8157543815686273,2.9260771,7.726353540967615,-28.721788,7.3984356,13.223477684942768,10.264410382487712,9.674839667301146,1.0031207737687173,52.44347286092408,0.13531882019607844,0.33636752,2.7209395171848993,-5.608655,6.373272,-1.4833554823266668,-0.18216577,2.564026764784622,-8.363247,0.63118845,-0.6673380258823529,-0.9256099,1.9785759634291875,-4.014971,4.4327006,3.7817057898239366,3.1828479556638407,2.4540696608734445,0.4219205676874248,9.869333422140599,lob_forehand,2026-05-17 11:36:02.345,2
1779010568506,9.24957675207843,9.024965,8.440429204642882,-1.7283378,37.809036,-3.2782123754705883,-3.348879,4.769126402239534,-11.898342,10.857507,1.1137565924705881,3.468653,7.676023135734733,-24.554853,8.739903,13.256832045754594,11.072893084586372,8.552245985426852,3.8839777701579568,44.401792086791325,0.6944351913725489,1.7324392,2.7479586778155007,-5.312503,4.5240498,-1.2204072994117647,-0.08562324,2.776682917701721,-9.531344,1.3294905,-1.5244059716470588,-1.9706662,1.9529416535962543,-4.179826,3.5646167,4.311720008560808,3.9637621374928367,2.119866678672494,1.7100047707529378,9.721067538223876,lob_forehand,2026-05-17 11:36:08.506,2
1779010571336,7.597119329215686,5.63177,9.372695179119116,-5.407793,37.74915,-3.799275878476471,-1.8265524,5.54789864778068,-19.039263,9.214209,2.815603276470588,4.834076,8.17815697885301,-24.379982,10.765281,13.146126151302845,11.043184783451778,9.534763153412,1.6754874181429666,39.6025563989823,0.7641756056862745,0.94704896,2.8141384460510004,-5.8627286,6.0639367,-1.8057305390980392,-0.7519665,2.891845747171864,-10.552832,0.990593,-1.1239248249019607,-1.739763,2.6208795365735362,-5.26816,4.6939645,4.5837006858798,4.262865849504765,2.632608815998028,0.6487567857047027,11.964902183974974,lob_forehand,2026-05-17 11:36:11.336,2
1779010578479,7.653483412941176,5.507205,8.50261891671145,-2.3679307,36.16334,-4.290443044019608,-5.0053525,5.187808255797435,-16.155107,4.6771717,0.9239501458823529,2.3811057,9.096589202995487,-32.85878,10.179586,13.156635533810396,11.04450818167682,9.208200689703881,2.5910818762656116,47.39009411106998,0.5449907558039215,1.0542445,2.594510871469091,-4.3972793,6.3275976,-0.8669376135352942,0.18789175,3.232175162340927,-10.707699,2.254701,-1.3553475080392154,-1.917934,1.800547498635011,-3.7525084,2.9162505,4.132547623164316,3.6098897235812872,2.4380687545179676,1.1646549653744744,11.390675441312919,lob_forehand,2026-05-17 11:36:18.479,2
1779010580328,9.358946715098039,5.756335,11.721835960369399,-2.223004,53.922222,-6.3451999140196085,-5.351499,4.333068883626622,-16.193436,2.099637,0.7944064681372549,3.1991615,9.306030587966152,-34.93925,8.335068,15.008176408121448,10.55305034202603,12.003376233483346,4.283409514392018,60.688322866067324,0.5974644874509805,0.86941546,2.3302651503736596,-5.672839,5.819318,-1.4532034137843137,-0.29042658,2.412605471231942,-7.715413,0.8013696,-1.1274993178431374,-0.7828601,2.087240077501971,-6.4559655,2.0578873,3.6348520648749414,3.1097108760065733,2.438400809727859,0.14929961875571243,8.515182682492723,lob_forehand,2026-05-17 11:36:20.328,2
1779010586291,7.199916065686274,4.404087,9.61922708154493,-3.4985964,42.00831,-5.785879134254901,-5.383838,4.993343026654584,-14.624396,2.1247895,-1.0282475055882354,-0.8120672,8.845047677319753,-30.943594,9.882546,13.614388851101081,10.735434451296967,9.733405799214447,2.1156273767294307,46.03691255884748,-0.024663713627450973,-0.030494126,2.173333669545819,-5.073077,4.778123,-0.878945702,0.19162029,2.599272897562606,-8.57604,1.3177723,-0.9451925389215686,-1.3578541,1.682412895319068,-3.1022778,3.4576876,3.30661481620082,2.965666937480819,2.2039986499642517,0.7156043735582683,9.636759815628643,lob_forehand,2026-05-17 11:36:26.291,2
1779010589219,8.29657555,5.829397,8.238144017335866,-0.17127672,40.839317,-7.004050535294118,-7.561328,3.6182053019844536,-14.207583,6.0401993,-1.0118313062745097,0.96537787,7.978177731924132,-26.398174,6.652244,13.477907296211287,10.163418137062656,8.978566020810153,4.392600611106209,43.43436331747817,0.6519355925490197,1.0724877,2.887198419458116,-5.468169,5.4784226,-1.0563828924705883,0.059656627,2.3419599366500417,-8.014229,1.3677081,-1.2334154205882353,-1.3491986,1.4057651203097168,-3.499101,3.2646024,3.901818315015383,3.553189608762196,1.8416624950681617,0.7716349431985188,9.326626941684124,lob_forehand,2026-05-17 11:36:29.219,2
1779010597681,7.6635586543921566,5.6030245,8.674217949487774,-3.6375341,34.869785,-4.002468843656863,-3.2458735,5.408940327531542,-18.312235,4.695138,1.5480427205882354,5.5706854,9.632764004863285,-26.455666,11.795337,13.4459949526894,10.557259510412742,9.56908615532269,1.9137358591623488,43.19334085490786,0.3979745623529412,1.1348076,3.032737964823812,-6.9739666,4.4369617,-1.3912490572333331,-0.6415751,2.6654494182287958,-9.419089,1.7493508,-1.290612472352941,-1.287145,1.99928494811389,-5.251115,3.5232034,4.2751411498173555,3.9630139851113624,2.343442551147331,1.0477034338307973,9.55364542003572,lob_forehand,2026-05-17 11:36:37.681,2
1779010600283,9.567447436078432,8.020062,7.383589328049078,0.26470038,35.57765,-5.190297471764706,-6.0437922,4.260956897162375,-11.469551,5.9827075,-1.3996170645686274,0.80008984,7.103636982596879,-23.770334,4.961036,13.405320357347632,11.202430434202308,7.917132486181759,3.3133056608211664,37.601814105240734,0.13845204301960784,-0.002263756,2.2934677451849854,-3.731602,5.123279,-0.9724019841176471,-0.31958908,2.776153079673518,-8.823988,2.1385837,-1.7074229421568627,-1.6930232,2.298586045736329,-6.6895323,2.667104,4.0450294311814705,3.7384204401771695,2.349178135577251,0.4535785054822483,9.07625390703731,lob_forehand,2026-05-17 11:36:40.283,2
1779010648248,8.06200647254902,6.064154,10.893047298831188,-6.385148,36.881985,-4.515970250254902,-3.8387544,4.80364313226683,-16.889322,9.434592,2.1571988715686277,4.0771046,8.849443152592608,-25.807688,11.15215,14.20636220092677,11.597226864641598,10.297246276211196,3.4466779920839037,43.58175180806174,0.5777277610392156,0.3978884,2.082058699670736,-4.061045,5.0768056,-1.7303999319607843,-1.034137,2.914573351447212,-9.773567,1.4501355,-0.9434980043137255,-1.1503875,2.232208271601701,-3.5168116,5.451124,4.0670815225702235,3.9554207927030127,2.289779787278975,0.8675621510752739,10.64618678160276,lob_forehand,2026-05-17 11:37:28.248,2
1779010651271,7.868888655294118,7.4116106,10.540697126987844,-5.153872,40.987835,-3.3177847892745094,-2.425422,4.336299301399122,-15.02564,5.365872,1.502857472352941,3.2422802,7.9534878847810395,-28.506195,10.051428,13.146451786470221,10.09234581685845,9.673229940658574,3.7779812315799943,50.992086734230966,1.0035984980392156,1.5490749,2.777426820282816,-4.637637,6.352632,-1.4071554163921567,-0.2351643,2.9518937616131846,-11.452608,1.0360013,-0.6784505419607842,-1.1027155,1.674590225010294,-2.7247632,4.6106052,4.009469961591539,3.54641769516392,2.5201598880289633,0.9865243089100031,12.607052405666385,lob_forehand,2026-05-17 11:37:31.271,2
1779010657299,9.532313587686275,8.278774,9.667209353697716,-4.5406294,42.010704,-3.8993458800000003,-4.6196804,4.733435476388758,-15.290339,15.378972,-0.32489270549019605,1.4851967,7.5462036812202875,-28.01632,6.577984,13.547893977245952,10.414109437987271,9.689590459178794,2.0584275384953394,47.20041166590011,0.585135239372549,-0.24794786,2.722498576839035,-3.9253528,6.553041,-1.500160005372549,0.13915442,3.2011478683558505,-10.572539,1.5456127,-0.7739225708431373,-1.0182908,1.9705199598811431,-4.2041945,4.5512147,4.200060247332736,3.6717443154125142,2.608569475758818,0.5863749183373915,11.986526196436015,lob_forehand,2026-05-17 11:37:37.299,2
1779010660196,10.23806388807843,8.929146,9.972288844674106,-1.2887675,44.51997,-2.7606715898039216,-2.1188009,4.666901800949243,-14.759741,4.0579405,0.06409078523529414,3.2626417,9.041932426541013,-30.674103,7.151701,13.982470694053447,10.890494605104456,10.874539878252312,2.948489157910936,55.11568753908577,0.44464921274509805,1.5990107,3.3276504597082837,-7.876406,4.6403003,-2.038422188333333,-0.67326766,3.0517668218219973,-12.0815325,0.5287868,-1.436537233137255,-1.6730489,2.1236510061861598,-4.6428304,4.074095,4.967837993426856,5.120236560195872,2.5036526921790325,1.6575440853145333,12.776036296170068,lob_forehand,2026-05-17 11:37:40.196,2
1779010665354,8.267712430980392,8.246435,9.582772112016531,-8.656062,36.73107,-4.074098348235294,-1.5678407,5.39701566413488,-19.677658,3.35367,0.8998544800000001,2.833851,7.881387532039972,-32.35453,10.829959,13.101996962231718,10.370682438619083,9.770176249017666,0.9763962911361362,44.48605730606332,-0.05128309745098043,0.2737813,2.4479882743375407,-5.1134253,6.760241,-1.3075292597117647,-0.037418555,2.814842401458112,-9.928568,1.2190992,-0.571375148627451,-0.3757835,2.2451611179921964,-6.0147996,4.102059,3.6487741784473764,2.8726300809410077,2.7306438149016854,0.5944805725565089,12.037722898224109,lob_forehand,2026-05-17 11:37:45.354,2
1779010691173,9.238984989215686,7.675113,9.056059665301328,-0.81326497,40.99143,-6.115468866490196,-4.570573,5.621394108429666,-33.449265,1.446869,4.119870822098039,3.609986,9.326034589183653,-24.18595,35.28061,14.701154735224282,12.702731230774887,11.075492830333152,2.1716928155541706,48.232003947603516,-0.5817043450196079,-0.2570029,1.6282319482750325,-6.4021683,1.7028772,-0.26512316025490196,-0.40228274,2.326416011838005,-5.3042464,8.465116,-0.6826542564705883,-0.8610262,4.115087746085236,-10.993198,4.8457694,4.302069499525249,3.886504487575339,2.647927621283454,1.089289562413609,12.490229802062006,lob_backhand,2026-05-17 11:38:11.173,2
1779010697015,7.1852378382352935,4.181308,10.876232502268767,-5.8868885,42.900623,-7.985938209607843,-7.4116106,6.578306037614264,-33.861286,2.5966988,2.688619348019608,2.3284051,9.624722221553203,-31.603548,34.76438,14.53679908241193,10.722789339066386,12.796135349866848,1.4949307266553897,57.05058351195043,-0.8194431056764706,0.008788699,2.2179791162617963,-9.893812,1.6631949,0.32968068352941177,-0.44236454,2.778457704044853,-2.1128833,10.508355,-0.551721981490196,0.5128073,3.1747533044469525,-7.828468,3.1523468,4.0225632481160725,3.052039570300935,2.705540001933241,0.9798055282200303,12.39120130929821,lob_backhand,2026-05-17 11:38:17.015,2
1779010700338,6.441840977647058,2.4314108,14.152227377091064,-5.260471,53.65153,-7.261963596078431,-4.497511,7.17934762729276,-31.043007,2.4912977,2.516168404313725,4.271138,10.639637004314443,-55.018154,20.478947,14.795394035237694,9.04284409328728,15.630883336766914,3.463059665641567,66.96130634288612,-0.803364445,-0.9366623,1.969480574793257,-4.8835874,2.1111522,0.5392595652941177,-0.53065103,3.719504103793663,-3.5110855,13.287715,-0.42569578113725487,-0.005725971,3.080553908639576,-8.350996,4.3036666,4.264147486153994,2.9936162366032733,3.1299400137717592,1.329900549917198,14.181459353354912,lob_backhand,2026-05-17 11:38:20.338,2
1779010710960,7.766752016529412,7.4942546,8.49022386291107,-2.049332,29.915934,-7.071687465294117,-5.8785043,6.432242669441847,-23.918854,12.763109,2.143295755882353,2.5847213,7.729141471487826,-26.099936,20.088484,13.720606660840138,10.457799046791703,9.91970475049208,2.584377757658454,38.448324223318814,-0.4571351108627451,-0.4401008,1.9949470857577325,-4.1039233,6.5294714,0.183870792745098,-0.46460262,2.3706468790726514,-2.7933416,8.017292,-0.7747685124509803,-0.63185424,2.4765487509839557,-5.0176816,3.4631472,3.4830583334216976,3.285467042777546,2.0539360081422315,0.5545192571267106,10.36063965689825,lob_backhand,2026-05-17 11:38:30.960,2
1779010713613,6.567908925294118,4.3334208,8.981930834761858,-2.6997044,34.058914,-8.43861324509804,-6.958865,5.581480731299601,-25.39327,1.5582588,3.946034299019608,4.4172626,8.857436085050402,-28.649923,29.289516,14.05050189443878,11.838899438588612,11.019729176203722,4.188360640510633,47.15406239575536,-0.43909815803921565,-0.62612826,1.775359706763875,-3.9522517,3.7272077,0.22332592641176469,-0.40654394,2.540518931757836,-2.2368572,10.013658,-0.3107194394117648,0.1335616,3.0287199469981227,-8.035135,4.013373,3.58464399991944,3.090736844671895,2.4532895847309675,0.3510775660080021,11.510450949630469,lob_backhand,2026-05-17 11:38:33.613,2
1779010720805,4.946475349215686,0.5150279,10.026941818823426,-5.1466856,37.69525,-8.218675605882353,-6.3420296,8.390417939163639,-35.7621,11.134184,4.5274075078431375,5.7132163,8.718191471967192,-25.40405,26.036457,14.559571352653203,11.00649660624879,12.061786633632394,2.4195865768289115,54.55198642738961,-0.46007773509803923,-0.3100014,2.061632424233564,-4.272906,4.1879487,0.45109580815098044,-0.20919769,3.022760027012009,-2.800932,10.79532,-0.6232718223529412,-0.2548723,2.5331875664915997,-5.048975,2.9665856,3.922970758887982,3.3078758091815845,2.2196061279632566,0.7557713181968845,11.681542560681926,lob_backhand,2026-05-17 11:38:40.805,2
1779010725843,6.89395241654902,4.2196355,8.596895459282381,-2.8685856,29.026014,-8.672360325490196,-8.260808,6.935373676259623,-33.336678,2.7943258,3.3259105182352937,3.5477037,7.529550040556589,-23.673317,21.394018,14.080253854701727,11.048888674820594,10.6280562660187,1.4325071853907596,48.86440452436576,-0.6120522585294118,0.104798585,2.048423813740208,-4.2205734,3.7624955,0.06493611517647062,-0.68631756,2.4033522821563618,-3.2992246,7.6502967,-0.5577142809803921,-0.5258572,2.995730337065505,-5.99669,3.6692822,3.9386009203585424,3.455861197998548,1.956369365522771,1.1277192348941838,8.116228955735933,lob_backhand,2026-05-17 11:38:45.843,2
1779010733507,9.012001552156862,9.487293,7.608395940108525,-1.9367445,25.25074,-7.608767890078432,-5.2293296,7.14711821431507,-39.594864,0.124564886,2.8403565200000003,2.875772,7.528112729989944,-23.51761,22.275555,14.315962343278951,11.392313367656218,10.330365158915557,0.8710471868723861,43.40516930857518,-0.5471683625490197,-0.63265324,1.934130906077122,-3.963171,5.2918625,-0.008023665294117638,-0.7485043,2.670612022199079,-3.0623293,9.077928,-0.7906539938235294,-0.95410657,2.6744615063728636,-5.5892134,3.5034952,3.77066615114103,3.4722456182008146,2.1134277269427106,0.8544762567401512,11.533413556030807,lob_backhand,2026-05-17 11:38:53.507,2
1779010736280,11.349659807843137,8.966276,7.229735055142686,2.7595913,36.934685,-1.4857837754901961,-1.501965,7.448066241024026,-9.8358345,39.430775,3.1913645111764706,2.522439,8.479436544935039,-31.45982,26.290377,14.655233227967285,11.640823748354576,10.227585591396826,2.8856683840871256,57.02381503395796,-0.3377905208431372,-0.20400436,3.6345136612340196,-18.984257,7.491035,-0.482634352254902,-0.78099585,2.5952279325087497,-4.5528126,7.977476,-0.3714700985490196,0.23889284,2.346192246454738,-4.3224425,3.8939266,4.076380167549653,3.6092135175582465,2.999171854482501,1.3312988533876848,20.069326471810474,lob_backhand,2026-05-17 11:38:56.280,2
1779010745050,5.448093334313726,2.2277951,12.88920545099668,-10.897032,43.681553,-7.5856821329411765,-5.2029796,6.749979607681649,-30.502827,0.34135568,2.4636322294117647,3.2015572,8.631183020960988,-30.044092,18.42123,15.00935429236122,11.135333203565326,12.311152883902816,2.9707828058766346,53.1249168824584,-0.38198207470588236,0.12344128,1.7791945739676507,-4.304599,3.331716,0.3977970347843137,-0.41253623,3.305481867078326,-4.520987,11.271641,-0.03744726411764704,0.04527512,2.3571782570552067,-4.7235265,3.91217,3.7070842080065702,3.518636224954333,2.437699004172526,0.30572077024814426,11.976783955518997,lob_backhand,2026-05-17 11:39:05.050,2
1779010753848,7.772975582352942,4.405285,7.435623515528277,-3.2865965,22.941498,-7.297402565098039,-7.4020286,5.631360897325362,-25.92866,8.061983,2.655411461764706,4.048359,7.3066033385932805,-23.584684,14.911854,13.87609122049577,10.207855254614744,8.193121612810641,3.8853229783214385,35.16549987734212,-0.29472953588235296,-0.41013932,1.6615425280464478,-3.9867406,2.7051885,-0.06439822980392161,-1.3915441,3.14185714189897,-2.8086553,11.793237,-0.7441255751470588,-0.3118657,1.975021852152726,-4.940581,1.8273838,3.4311158048195645,2.515139266751746,2.276471968343678,0.6634865479672104,11.936174101239354,lob_backhand,2026-05-17 11:39:13.848,2
1779010760405,8.350802576078431,7.08343,11.282937151381484,-5.2856236,37.612606,-3.217526940784314,-4.447206,7.098066803307641,-20.796347,30.125538,3.77983022,4.364562,9.462003804181542,-45.734478,24.134447,14.810328399262632,11.246482897586654,11.821463742847836,4.48117291959971,66.10333297827731,-0.7954791773921568,-0.49789315,4.1540667488558976,-24.593445,11.410262,-0.4049956203921569,-0.6247966,2.4718762933684424,-3.8979216,7.0233693,-0.6685730462745099,0.39429304,2.612585333746961,-7.297417,3.3739285,3.8868487775938743,3.0775108565999183,4.006366716084589,0.7457478750365136,25.580825657149532,lob_backhand,2026-05-17 11:39:20.405,2
1779010764134,7.215862508235293,2.8075008,12.448523164820777,-7.478684,43.194073,-8.135256570588234,-6.1994987,8.049526890271064,-39.149307,4.1956806,-0.6818658915686275,2.195456,10.910278521418038,-53.57368,10.694614,15.380791243873963,9.36262499799178,14.784620659014964,2.805704131277441,57.66114872276792,-0.1713378527843137,-0.27111807,2.9040983113252095,-4.9449754,13.769496,0.4579941439215686,-0.90150756,3.7721943343335216,-2.9199789,14.03622,-0.16454401207392153,-0.4654016,3.3091421818583804,-5.9390306,5.3403335,4.842745815534374,4.268697117535118,3.1565712618512367,0.8574533737591895,19.662514896455757,lob_backhand,2026-05-17 11:39:24.134,2
1779010775760,7.989860394901961,7.9422092,7.963551202196326,-1.4995695,29.652431,-7.131503983921569,-7.2343454,6.688373342358998,-29.163754,3.9405622,1.0784350201568627,2.4002695,7.547553181990243,-27.752817,12.763109,13.85523460686038,11.219781710628858,9.35348027857593,1.0428870923304179,42.55031543450503,-0.6201699103921569,-0.8193465,2.7874931999212045,-8.104646,8.021953,-0.05566439243137252,-0.9582346,3.0894594965395292,-4.4235125,9.556645,-0.969934582745098,-0.87154603,2.5510874899602,-5.9245157,2.267085,4.407353958786017,3.623286543539804,2.3161850939201174,1.6151354587844602,10.841274840500152,lob_backhand,2026-05-17 11:39:35.760,2
1779010803128,6.734864394607843,4.131003,9.324251635513187,-3.5812404,33.678032,-8.016844789411763,-6.9983907,5.226608489927748,-31.044205,0.73660964,4.054958154705882,4.7574205,7.800820492066331,-23.875734,21.053862,13.904129659380974,10.689671748437613,10.320508190901577,1.7093728125524414,49.13013779861853,-0.7313864017450981,-0.9386598,1.5271732400690952,-3.4852521,2.217682,0.1331151014901961,-0.4369049,2.3573835251962953,-2.0023587,9.952403,-1.058432550509804,-0.45421597,2.577228915419267,-6.86464,2.3653586,3.33142686740043,2.8627797917321134,2.2175740498048144,0.6878840139282376,12.00949792918922,lob_backhand,2026-05-17 11:40:03.128,2
1779010806562,8.16909851137255,5.5934424,10.218487036365689,-6.187521,39.308605,-8.663882258823529,-7.4403563,7.6232494884778195,-45.67459,2.0421455,3.282369245882353,4.456788,8.320544726807842,-26.77067,23.815847,15.26975015229682,11.49660674700819,12.22933739625712,3.2294953339285395,61.66628512398156,-0.5988927067254902,-0.26805535,2.0085728898681205,-4.842041,3.590317,0.32884776670588234,-0.1884244,2.5908904411818536,-2.2156844,10.441508,-0.7566428012647058,-0.18695961,2.3388331245854057,-5.2127643,2.911856,3.4013396954120214,2.5653724416969688,2.3402634143177825,0.24442228831929427,11.352434427635743,lob_backhand,2026-05-17 11:40:06.562,2
1779010809851,7.05912294227451,1.8157728,10.367029174985372,-2.4745293,34.233784,-7.554470445294117,-4.3202457,9.006597174455527,-46.656734,3.9932628,4.780905502941176,4.765805,8.538608879845986,-23.652956,24.792006,14.957754564168713,11.513270001469342,12.870364484154559,1.6196911698262926,55.52605241534154,-0.44818451431372547,-0.29482093,2.28669503430017,-4.5683928,5.4099774,-0.00150395733333331,-0.15473437,3.363820317785743,-5.1832023,11.916677,-0.6491783900000001,-0.19201978,3.0581862168092524,-5.365235,4.0786223,4.4498496028585475,3.92598495679466,2.5168094516587938,1.5591094339474154,14.144284810341764,lob_backhand,2026-05-17 11:40:09.851,2
1779010818957,7.181339257450981,3.463862,9.118278655161019,-1.7151626,29.554216,-8.18459861872549,-7.5313845,6.6434479029215305,-26.189768,0.094621405,3.1623369439215687,2.7715688,8.750320800707094,-23.494854,23.03612,13.968777735882451,10.784018679591366,11.65967793773883,1.546214168652441,43.63849597929201,-0.2910767206666667,0.08429162,1.9021304062106925,-3.6509058,3.4166737,-0.12621940956862746,-0.8911209,2.9520076862451545,-4.581576,9.153165,-0.48464222243137256,0.3651305,2.7720115703367347,-5.7544675,3.4052217,3.8779776600231295,3.364578725284848,2.2403701577482535,0.7015956124266022,9.825206075059867,lob_backhand,2026-05-17 11:40:18.957,2
1779010821329,8.847253852156863,3.4722462,12.119861077176692,-4.7933526,37.66291,-5.713239813490196,-2.613467,7.784879697814062,-31.408318,4.5729685,3.0158605047058824,3.0554328,8.656793440584037,-40.68361,20.191488,14.96019338079278,9.8021720408392,13.287684386912689,1.703920012397433,57.926578382829796,-1.0919998699411766,-1.3406762,3.1419052424085874,-14.78246,8.705606,-0.006584991549019629,-0.69603837,2.9967113646378705,-4.2995386,11.066172,-0.7408409109803922,0.04261188,3.4984669581805123,-6.939211,4.148,4.808359931151383,4.053043244460779,3.047058624439219,1.110833276988233,17.235757978479953,lob_backhand,2026-05-17 11:40:21.329,2
1779010829052,9.60582196117647,5.641352,9.501418147776826,-1.4480668,34.4386,-7.556748494705882,-4.5274544,6.908168610777938,-27.271326,1.7067784,2.185709818490196,2.9009244,8.48824585753185,-27.350376,21.99289,15.11037081086946,12.622718180216209,11.592969789363291,1.931869168098153,49.12666895190815,-0.39376037764705885,-0.9551719,2.466647564522336,-5.441803,7.4645357,0.11448287445882353,-0.6435725,2.773981000984946,-3.8960571,8.291206,-0.9554512433333334,-0.824673,3.6690508638990478,-8.031007,5.061625,4.6852956542726085,4.476499868903678,2.439852705131623,0.675488174158413,11.372139360120261,lob_backhand,2026-05-17 11:40:29.052,2
1779010916888,9.15934701682353,6.9900064,14.152744901520768,-3.6255567,66.2278,-5.810280211764705,-4.8209004,3.49850325584725,-18.059513,7.253509,-2.805551613529412,0.54377365,11.364517552406067,-44.40379,7.770932,15.299686577192125,10.21814330085698,15.197517921539635,4.499357631094301,73.35334014908165,0.3490231264509804,0.45967564,2.468107561806794,-6.3883195,8.404394,-0.9622451029411765,0.15633233,3.443801794595074,-11.54702,3.1225185,-0.5527846965294118,-0.36473104,2.1775317193104207,-4.328568,4.8566885,3.69690041902544,3.1131397452501375,3.1832256814487456,0.3480808112677648,14.551281573578322,lob_backhand,2026-05-17 11:41:56.888,2
1779011007605,8.467218096078431,3.881873,14.141403619641897,-1.9714788,68.219635,-7.170160484313725,-7.585283,4.199253685741865,-18.175694,7.640379,-3.3050791937254904,0.9282479,12.531453753950407,-45.316463,8.250028,16.066086824475413,11.272275100482709,15.750489993853332,3.6000146985326666,76.49802851712703,-0.03181007235294118,-0.46233886,2.6963028527113684,-3.058734,14.325581,-0.7713193565490195,0.400019,3.464011130965774,-11.868473,3.0016072,-0.8051634266666666,-0.6359823,1.5989172749203178,-4.2856894,3.4883149,3.482786431461698,2.633264632545357,3.2745502794933863,0.6743640112499237,16.755742316306122,service,2026-05-17 11:43:27.605,2
1779011010520,8.097938660392158,3.9764943,13.3206228184318,-2.7068908,60.15406,-7.272109190980393,-8.107497,4.035783408377906,-14.128532,5.0329003,-2.2121539592156862,1.8552982,13.018400288334616,-51.78785,8.6884,15.778142297415974,10.947530331704963,15.332886229952035,3.3775850274834536,80.24725738023493,0.15264295490196078,-0.117981635,2.5842436061160523,-3.517211,12.479554,-0.8182968679921568,0.35953772,3.5353287586598543,-12.519369,2.6467302,-0.9281294952156862,-0.5472963,1.8135824035106392,-5.9816422,2.9181147,3.5138389269851658,2.572177116244099,3.3848723716916407,0.497859470527462,13.751205505578291,service,2026-05-17 11:43:30.520,2
1779011015637,6.714103543921568,2.3918853,12.709807192318474,-2.723659,59.27851,-8.019263620392156,-7.7409887,4.048990408012962,-18.687128,0.68989784,-1.144803894117647,2.8051054,12.51126829413742,-47.074745,8.547068,15.404057150412456,10.463984215643816,14.32993365951608,4.459378801863655,69.36544728231537,0.02723556333333331,-0.21665476,2.8587114217052028,-4.930061,13.018328,-0.9416546113725489,-0.42505348,3.2181199749510814,-11.982594,2.9122555,-0.7840376618431373,-0.89511573,1.548770613911154,-4.3948827,4.4356303,3.6012459631514653,2.4606032051606,3.038269126724411,0.7191615575672916,15.119558264780459,service,2026-05-17 11:43:35.637,2
1779011020809,7.4989985620980395,3.1596363,13.479267951499182,-1.3294905,64.9522,-8.428115487058824,-8.008084,4.803078462726981,-23.621815,1.6744395,-3.0073119343137256,0.5401804,11.366085223371073,-46.11416,7.404424,15.760516552330122,10.596000754381992,14.81973808025409,3.9513380080223746,74.53810337025905,0.4465578559215686,-0.045141958,1.8359953841879866,-2.8487372,7.594635,-0.9196959228823529,-0.118514284,3.325359730952176,-11.282027,3.1783135,-0.6294573252352942,-0.98606545,1.4119014635019684,-2.6167688,2.976706,3.2289223838650023,2.2492221291798544,2.694105423254058,0.8934686086001645,12.21901404707751,service,2026-05-17 11:43:40.809,2
1779011025573,9.311013693137255,5.4401317,12.251872143469452,-2.9668002,60.86312,-6.825211500784314,-8.178164,4.257739212263765,-13.789572,4.531048,-2.873423519392157,1.3594341,12.353598723829878,-48.54557,7.2618933,16.042442781601046,11.312591361356665,14.23751023181246,3.3678777462129443,68.74282542138847,0.34998137154901965,-0.10493175,2.909846465626483,-3.9095066,10.154277,-0.860668552254902,0.09814048,3.4200302985372675,-11.709345,3.1436913,-0.9179674199019607,-0.6401103,1.2280872966204532,-4.436163,1.2377418,3.58732057671789,2.4151123148193485,3.207145980042809,0.4694516209688703,11.959583263739189,service,2026-05-17 11:43:45.573,2
1779011030165,9.616695512745098,4.456788,14.944893993270174,-4.515477,74.237076,-7.3944899768627455,-8.299135,4.115924932395715,-15.065165,5.3826404,-4.035629808098039,0.59407866,14.553380835539063,-62.355503,9.474117,17.65362815890853,11.420106567346105,17.34711861805203,3.727330052550072,86.55826647881665,0.4307977101568627,-0.24302086,2.6505107650967634,-4.8475003,8.512255,-1.0201862890196078,0.27564558,3.9795008877175366,-13.242041,3.1088028,-0.7972885960588235,-0.53025156,1.4682082052919476,-3.8823416,2.4536452,3.8530715752772084,2.778856272690972,3.431247986280338,0.46408654825000745,13.896175791063579,service,2026-05-17 11:43:50.165,2
1779011033320,8.476306837647059,3.8663023,12.985107919068698,-2.8362465,56.603962,-7.871401553137255,-9.556762,4.804050108909025,-13.413482,11.554591,-4.281283782803922,-0.500655,13.170392525213277,-52.72688,7.125351,16.78399064439749,11.045647477007094,15.264128833942712,3.6914913701656054,71.98278194596392,0.0027232967647059254,-0.45288435,2.7819403788231796,-4.806087,7.2030053,-0.9003378103921569,0.3648642,3.846719894246028,-13.832348,2.8886857,-0.6960775376470588,-0.43544012,1.456747799802616,-4.4721165,2.4882674,3.758251609316674,2.82580005718465,3.401861023670761,0.45741995092096827,14.724778368171856,service,2026-05-17 11:43:53.320,2
1779011038371,8.040869951431374,4.298686,12.349755465416846,-4.388517,58.947937,-7.754633773137255,-8.723135,4.084363834286447,-12.832579,7.430774,-4.628628188823529,-0.8659655,12.510360789256838,-48.955196,6.479769,16.38694232938578,10.980186617049691,14.175454655479873,3.750149429565914,70.1762401889472,-0.23446973647058822,-0.75209963,2.2359396500549464,-4.126694,5.715851,-0.8234666779411765,0.615209,3.534164925300007,-12.240528,2.7901459,-0.675808185909804,-0.46233886,1.3700565689135653,-4.2513337,1.7714556,3.4319307179299305,2.710427439251204,2.92688868117204,0.7352536947996084,13.066954785454067,service,2026-05-17 11:43:58.371,2
1779011043752,8.143194460784315,4.029195,12.911983017858134,-4.732268,68.96343,-7.866187909803921,-8.783022,5.236482498849772,-19.022495,11.416851,-2.8252086520784316,0.9006999,12.808992246609616,-51.25366,8.657259,16.521168825162437,11.820873883101463,14.78837637745978,4.031808573367129,72.67239898105046,0.20667803817647068,-0.18376373,3.0852533109662197,-4.701555,13.751386,-0.6524526027843137,0.49696103,3.613904041984993,-13.13631,3.5849905,-0.8072705248431372,-0.85356915,1.5550596073501284,-4.6882386,3.3959002,3.785286598836581,2.6996959381504375,3.3948248998607413,0.8407699472458124,15.30073877620658,service,2026-05-17 11:44:03.752,2
1779011049823,7.982462540196078,3.7932403,12.308200737096161,-1.942733,65.930756,-8.150192979607843,-8.787813,5.615893973816929,-24.171576,11.725867,-3.1612802469803922,0.6863046,12.401478914937742,-47.66763,9.166299,16.20259288667827,11.366691603974996,14.560016509387168,4.487248977055832,72.87371059456054,0.26878905139215686,0.010386645,3.080388090617331,-5.7149186,13.119532,-0.7502980337254902,0.64716786,4.055981332669532,-15.735501,3.246093,-1.010943282627451,-0.9333333,1.9527172781433042,-6.510163,4.6731915,4.038092386222438,3.058361264070628,3.8484946720262485,0.7795422220036569,17.37185898784507,service,2026-05-17 11:44:09.823,2
1779011058568,7.611985342745098,3.381218,12.952349633912958,-3.0997493,58.194557,-7.680726228235294,-8.229667,4.069349509609484,-14.427967,6.5588202,-3.1754417176078436,0.5401804,12.826477876134533,-43.82528,9.720852,16.27083725531013,11.03835229779555,14.434896804935763,3.7739322965183857,68.02812578598227,0.1959545745490196,0.21585579,2.952211096320866,-6.0434294,7.554154,-0.9871072744509803,0.30174536,4.105801001030084,-16.136318,3.3594139,-1.0086847670588235,-0.6745993,1.9253760924281327,-7.8612256,2.5722926,3.9371012755326094,3.007954100561201,3.942115160176246,0.4795165980787326,16.6900676855363,service,2026-05-17 11:44:18.568,2
1779011069523,8.159211321784314,5.2976007,11.714537397542003,-2.5667553,56.121273,-7.091978621764706,-7.314594,3.3376348216727174,-12.852941,0.63959277,-3.2037176512941175,0.7198413,12.174077423419709,-43.54381,7.8068647,15.675846566201614,10.77889461794998,13.251675206087484,5.318662216215153,71.05054015093516,-0.10362102694117646,-0.5050839,2.2195669266790836,-4.8694725,6.444114,-0.838284232862745,0.01318305,3.405562011095279,-12.412973,2.93729,-0.7452483178431373,-0.42199075,1.5475747831039983,-5.361107,2.1317923,3.311730366400905,2.4426307106356955,3.004436447434869,0.42511364770114524,13.311367940684343,service,2026-05-17 11:44:29.523,2
1779011073342,7.962969988627451,2.8865516,13.361371635531501,-3.6962235,66.69372,-7.314264928039215,-8.483587,3.7091148423623417,-12.299584,4.1501665,-3.9353954682352943,0.46711832,12.847868180027868,-51.3387,6.3576,16.26993397747351,10.445123000736734,14.91271702179467,4.4545969080302426,70.76333431086667,0.17859650998039214,-0.19814523,2.380525758820466,-4.4492126,7.216055,-0.9049984613137255,0.11758215,3.5509953734118374,-11.877395,3.4899127,-0.9740678253529411,-0.6864507,1.3076025352002714,-4.9963756,1.0214866,3.5099908090455036,2.4760155125001613,3.042298609467308,0.33092788536968687,11.996293197107418,service,2026-05-17 11:44:33.342,2
1779011077466,8.664845059607844,5.1814203,11.020085583593525,-5.2425046,51.048847,-7.710857587450981,-8.453644,4.306132630010025,-15.236442,7.726616,-3.5806532819607844,-0.37129918,10.307328189188663,-39.254707,4.9634314,15.846713855330176,12.030667485538698,11.848648593892362,5.748101479668233,55.18891737900259,-0.3070979481568627,-0.74464256,2.8364013868539812,-6.401236,6.7999234,-0.3660861570588236,0.38710228,2.944714645169533,-8.870461,4.024958,-1.0284919651,-0.6847196,1.7532638378594885,-4.90769,3.2040136,3.9249506427974223,3.4148684203627924,2.3214123674955194,0.685945405000122,9.375817849130941,service,2026-05-17 11:44:37.466,2
1779011086888,7.044750128039215,4.2879066,11.233919761140179,-2.35236,57.062695,-8.361770136862745,-8.226073,3.7451631843116813,-17.633118,0.9078864,-3.7006619555882354,-0.39166075,10.904702331856813,-47.14062,6.412696,15.1431566031548,10.453317846261603,12.694317344275367,5.2331600873977155,62.44104944713293,-0.06827300045098039,-0.30147904,1.3582227125756343,-2.30477,4.371446,-0.8367907698235294,0.28070575,3.734748111971515,-13.222999,3.5069575,-0.6392564833333333,-0.6169401,1.7730766825921522,-3.2570121,4.1509295,3.2189598630042573,2.6059036599741945,3.0828195034780945,0.6605621272150907,13.450802272681063,service,2026-05-17 11:44:46.888,2
1779011090645,7.994181619666667,3.0147097,13.269211962875216,-2.7224615,65.89123,-7.082114879607843,-8.350638,4.9873554585530595,-17.369616,10.138863,-4.231730238215686,0.039525397,13.195060354126332,-55.202606,6.3240633,16.46249763872198,11.570161026841062,15.271917418575612,2.932003249872196,72.5693102740014,0.06363582627450985,-0.74291146,2.9950608615661882,-4.2224374,11.174565,-0.9059749881176471,0.1339611,3.8553583354798437,-13.109411,3.9177628,-0.6998243681196078,-0.6024254,1.837465486218061,-5.680563,3.5812619,4.0417590752696695,3.3576905065250133,3.4480154222501906,0.5306947641650677,15.636053903637269,service,2026-05-17 11:44:50.645,2
1779011094428,10.550039670647058,5.2664595,15.71365634024988,-7.465509,73.80709,-6.875516652941176,-7.0678596,3.687081172527091,-11.3940935,7.5912714,-3.4545617890196083,1.3666205,14.665108440365678,-51.97829,9.155519,18.27962363476292,11.97175907677868,17.569055193922253,4.8694468998871745,89.88170518550012,-0.03583627039215689,-0.3335711,2.85028426501874,-3.2627382,15.351861,-0.9018809396078433,0.14141817,4.431088387575695,-15.281152,5.064022,-0.7006181263203921,-0.77700096,1.521753304342746,-3.5265324,3.0526083,4.0444740745258825,2.803279415853524,3.836811419637185,0.17854477365441535,17.39487107209971,service,2026-05-17 11:44:54.428,2
1779011101965,8.569683586745098,4.363364,13.447818151660082,-5.212561,70.36838,-7.4540247362352945,-7.7050567,3.616491112999034,-17.696598,0.32458735,-4.737035267058824,-0.54377365,11.724808590940285,-41.707676,4.7526293,16.333218349813237,11.593955229911877,14.620353941297253,4.23478086801858,79.73625190942138,0.10720074180392157,0.15793027,2.224063747862492,-4.4843674,6.598849,-0.8147850635,0.11625053,3.8070978555351105,-13.421943,3.5225375,-0.8217251610588236,-0.60402334,1.6905578914095674,-5.494003,2.2023683,3.6360515070943413,3.038740114509623,3.192297380373558,0.31903358371195617,13.905259606211374,service,2026-05-17 11:45:01.965,2
1779011106958,8.992814330588235,5.549126,12.601643340309186,-4.5562,64.39406,-6.826315356666666,-7.313396,4.2909579431383404,-17.41992,5.5563126,-3.2922329898039213,1.3893776,12.827088138681072,-48.574318,7.203204,16.185115503539425,10.972232920195934,14.684176949885803,4.234580642932059,73.36888447843423,0.03988596590196076,-0.55049217,3.1058008970195035,-5.777904,12.365301,-0.7474207068431373,0.25860083,3.847600237876019,-14.824939,3.8511815,-0.9344925598431372,-0.502687,1.7479571417435489,-5.9398293,2.3304703,4.060441685135077,3.14464805888839,3.485774749822875,0.24966338289786222,15.97074893371872,service,2026-05-17 11:45:06.958,2
1779011112206,9.302112874509804,3.6950257,15.362816150505488,-3.1021447,81.13965,-6.769270103686275,-7.7206273,4.132647564989288,-12.844556,3.9309802,-3.3259105015686274,0.85518587,12.795327944132023,-48.48808,7.5445595,17.004486734814595,10.800728948233282,16.375651896935445,5.423964681983346,86.58172443111508,0.08743270235294115,-0.51720166,2.392444002531375,-4.761744,5.262567,-0.6505334891568627,0.6259951,3.852837158201863,-12.678764,3.8373327,-1.0513149147058822,-0.79417884,1.812644746994553,-5.991363,2.713844,3.9531996762286847,3.108179575147712,3.0790101319635452,0.7867975593598234,13.070385410152918,service,2026-05-17 11:45:12.206,2
1779011160246,8.62938272417647,6.9325147,13.463446024044115,-11.5857315,50.569748,-1.3154465107254902,-0.84919715,6.227276440671338,-21.736572,15.6293,1.456897239862745,4.8676124,12.944663817397815,-41.093235,20.343601,17.31038489871928,12.456269296056623,12.722061051728852,4.210652177279483,54.09569584581413,0.7353029176470588,1.0730203,2.6209652250498348,-6.0255857,10.896922,0.11418779529411761,2.0143433,4.110685703461936,-11.232091,5.5443377,0.37202360698039216,0.94158936,3.049238350910296,-10.926352,5.128606,4.570535367426959,3.44720878520011,3.5303560417929987,0.6223432797769455,15.031836756104168,smash,2026-05-17 11:46:00.246,2
1779011168101,7.719100771960784,6.9217353,12.410468729658348,-9.851405,46.68069,-1.8262939860784313,-2.5104616,6.573622540959224,-14.710633,16.432983,0.09004180784313734,1.9451286,12.808539998790119,-47.812553,26.103529,16.693122876828323,11.470611227624726,11.88460850642269,4.769816065656513,53.75112761222403,0.8886769789019607,0.2351643,2.324403105396175,-3.5610213,8.892034,-0.13140493139215684,1.136006,3.694884552106086,-11.672459,2.895477,0.3041213767450981,0.7971084,2.723175622232215,-13.309687,3.140096,3.967089028338194,2.9745179529213956,3.366845670769759,0.24805032499495747,16.248480801001584,smash,2026-05-17 11:46:08.101,2
1779011173246,7.795497752156862,5.351499,17.53471492252883,-10.5293255,67.95014,-1.304925199411765,-1.8445184,5.412615371795742,-10.249055,14.102182,-1.2851272890196077,0.5856945,12.69316648011554,-47.537075,29.132612,17.75750541528065,9.85257565957303,15.545101472669497,5.651866158421278,74.63895589003887,0.9041994983529411,0.89045507,2.5804201790674504,-5.2646976,8.085737,0.02365581764705884,1.6834354,4.05665698724605,-13.781747,3.3346457,-0.26225368198039206,0.13622485,3.1698822244891995,-14.83972,4.64323,4.437659312352227,3.0104850582932468,3.739139278579244,1.34732665761921,17.199020833489364,smash,2026-05-17 11:46:13.246,2
1779011191445,8.25575837254902,6.504922,15.783710128511087,-10.270615,65.310326,-1.195907468490196,-0.8048808,5.299813348482595,-13.803946,13.596736,0.472097171254902,1.4935808,11.833217504836524,-37.54673,34.973988,16.949823194746926,10.467627672878368,13.97866073910937,5.086407096090291,74.76299429667718,0.6463323699019607,0.6847196,2.6871729096123467,-4.884919,9.056489,0.024073609607843126,2.2066295,5.04400219150605,-18.934189,4.161316,-0.015579980725490224,0.22104912,3.1123218888400546,-14.457278,4.6090074,4.875861252235027,3.4676261725675275,4.30428154826757,1.5306315831307782,24.71791123816859,smash,2026-05-17 11:46:31.445,2
1779011193731,9.945251855490197,3.2219186,17.889543981343863,-12.996669,59.403076,-1.6230542026666666,-1.6253322,8.551005432388283,-20.09088,16.078451,-0.9645088941568628,0.5150279,12.952750713178899,-45.926113,27.43302,19.55425131236096,13.449582571941555,16.59623989599652,4.340845797313733,59.842928317857115,0.8700238345882352,0.26352784,3.3150552400138853,-3.6893897,14.083891,0.18128064686274506,1.8881056,4.114075721506702,-14.023569,3.5746038,0.43375079,0.3648642,2.949423128572139,-7.762419,7.7642837,4.761028206846353,3.4152587947762085,3.806714130487163,1.6635063506430918,18.806165072330163,smash,2026-05-17 11:46:33.731,2
1779011210165,10.253023872941176,7.7888985,15.42997801574286,-9.76397,47.46042,-0.7243973886274511,-0.1772654,5.401137203337076,-9.689711,12.667291,-0.38762127186274514,1.7522925,12.71264203978975,-38.76004,18.063107,18.02459156922169,11.011890328790496,14.331770420952262,3.4012044925090112,51.65651458838758,0.680155520897451,-0.00026632423,3.100468360103229,-6.068331,11.5576725,0.29196971039215686,2.4138298,4.393929533225985,-12.211898,3.4475672,0.5008253501960784,0.6540923,2.804364386624116,-8.78364,5.825976,5.0464169397782825,3.875276658966475,3.4092502918601033,2.1867061295045525,15.918249628147903,smash,2026-05-17 11:46:50.165,2
1779011212856,8.056957408745097,4.884381,16.711936318065707,-7.9182544,56.276978,-1.7706344006862744,-0.9965191,5.059360761854929,-9.057304,13.0649395,0.07057276801960778,1.6804281,11.204803174983306,-34.523636,22.55942,17.206671356621214,10.852703228938363,14.066215348131175,5.90355727853328,57.49255443679989,1.027729558372549,0.61134726,2.1399932417912826,-3.0851,8.896295,-0.1911032919607843,1.9521567,4.14547367432002,-10.45296,3.8446567,0.6269220213725489,0.32944307,2.6186603233903685,-6.447177,6.654111,4.382088919109282,3.1520295986104774,3.248175321119391,0.42255753769344845,13.554832381987541,smash,2026-05-17 11:46:52.856,2
1779011217527,7.226689220588234,8.155407,11.490692135171924,-7.8487854,37.199387,-0.7534719626764707,-0.0011977393,5.858757532197423,-13.232623,11.224014,0.3923183560784313,1.7451061,10.099315564660484,-34.783546,20.967623,15.19168193397304,11.792338725004726,9.325228182515147,5.429408280773889,43.33502757752425,0.9182232907843138,0.84984064,2.164300900924449,-4.0927377,9.356902,-0.5065173480392157,1.27809,4.194924127449873,-12.544004,2.8897512,0.6823723076470588,0.74717265,2.2520418441789523,-7.833661,4.2175107,4.130081427098606,3.1755922263014438,3.39870380649244,0.8880881388581946,15.050591194303662,smash,2026-05-17 11:46:57.527,2
1779011225532,10.790198289215686,8.6404915,13.537866813048119,-7.643972,48.700077,-2.0475705015882353,-3.5908222,5.988888288248253,-18.009207,15.315492,0.4263481380392156,3.7429352,12.579114158033006,-39.81645,27.361156,18.075401462964106,13.093550657794284,12.935955462205573,3.9373847275228617,58.69124205732158,0.6923281161568627,0.6520949,2.289659661407218,-4.0044513,10.943263,0.05442412823529416,1.4321586,4.527831298498797,-15.641089,4.2535977,0.8199574960784314,1.126951,3.027761232385063,-11.029685,5.200913,4.883670138837417,4.002780853723136,3.4295188757556394,1.405824354485108,16.738285271282095,smash,2026-05-17 11:47:05.532,2
1779011229888,7.027183208509804,4.8316803,12.582944758836012,-7.9637685,43.83486,-1.9330572039215685,-3.8675,7.34518597816133,-16.214994,28.294195,0.3867759244117647,1.4899876,10.6995805261628,-32.834824,30.41659,15.80220310783167,10.749845699262629,11.242438595729856,5.4077542975071555,49.93713621352486,0.47494227941176476,0.36739427,1.5636591938720814,-2.367356,5.494136,0.2066205926666667,1.9870452,4.276702170046251,-14.442098,7.7182093,0.11174653490196079,0.76048887,2.585420163132669,-11.990582,3.617349,4.2267632106817015,3.4702382593539225,3.079470032084836,1.3130435182753513,15.281699574452656,smash,2026-05-17 11:47:09.888,2
1779011235127,6.6251420549019615,4.9921775,11.025667360428555,-12.452895,36.505894,-2.91926636372549,-4.201669,5.891323074536839,-14.608826,10.9449415,0.8269567378431372,3.3836133,13.238071261333095,-45.818317,25.79092,16.203332646152504,12.849265583259806,10.857304491678093,3.231522298212873,46.790144224058764,0.6106919155294117,1.028411,2.5600389823128435,-4.535635,7.7673464,-0.3201269352941177,1.8173965,4.060111299720812,-13.567489,3.8984542,0.2859356151568628,0.38537118,2.197302931187979,-6.8908734,4.3996763,4.310090816661658,3.7884624489791254,3.079992170606574,1.1853862603086933,16.022796541666427,smash,2026-05-17 11:47:15.127,2
1779011246009,7.888122910588235,7.8008757,15.416593980183942,-9.172287,60.030693,0.0006105896078432019,-0.7545757,5.1015789251963035,-14.695064,15.549051,-0.330693496745098,0.6443837,11.936180989250175,-33.89842,29.70633,16.741121280642776,10.4099345478049,13.56015958484904,5.92300348068399,68.57182402483724,0.2875231243137255,-0.11957958,2.550903100870561,-4.5072713,7.1209774,-0.25968700207843143,1.7171255,3.907835420105479,-12.996223,2.6015882,0.12160311405882353,0.5728634,2.3216060934438625,-8.792695,2.8442097,4.152736797784316,3.1372194972516043,3.121891072948089,1.0078439250378086,14.72359098692212,smash,2026-05-17 11:47:26.009,2
1779011252892,8.648922068039216,8.332672,13.823064326351172,-9.847813,61.46199,-1.2895894309019607,-0.04551409,5.945634325494178,-14.29382,11.658794,-0.39924644764705897,0.65157014,9.941186554857275,-37.48924,21.354494,16.315331997981176,12.752826143851255,11.484764823432418,4.086774302624887,61.5138022781903,0.36522714025490194,0.49616206,2.210296493122924,-4.9722733,5.4625764,-0.3143644482352941,1.5851618,4.103232572329105,-12.455585,3.0611308,0.3406417569509804,0.74038136,2.279270568338917,-9.264621,3.191896,4.166359661904157,3.003503073938148,3.0929753143615955,0.48750391409343263,13.011349719567193,smash,2026-05-17 11:47:32.892,2
1779011257793,8.241690801568627,7.7900963,12.671281613856678,-6.9385037,49.47861,-1.3179359298039217,-2.563162,4.993549102450268,-11.928286,10.6742525,0.8342840554509804,1.5678407,10.675022803987966,-34.785942,26.949133,15.851661884806301,12.11456752669492,10.719979260976624,3.781513380974251,56.34599550556042,-0.024514868901960807,-0.0527322,2.657344146026573,-6.771693,5.783364,-0.4454664331764706,1.2963332,4.366470398583451,-14.555152,2.8167782,-0.3790054840784314,0.23116943,2.7249667060427107,-12.924981,2.7592523,4.358896514409238,3.573938994410143,3.810845970358233,0.4443677541918006,19.079300524819196,smash,2026-05-17 11:47:37.793,2
1779011263106,8.603736905098039,9.698095,10.99957451637376,-6.0198374,35.414753,-0.4751502227254902,0.0,5.299608275245664,-10.382004,10.954523,1.2421965317058823,2.2062356,9.33823483650337,-27.852228,26.694016,15.243332434007502,12.092012963922615,8.751098260786245,4.793047125649874,45.68125211086922,0.3210956334705882,-0.12224282,2.350619021442328,-3.362743,7.621401,-0.3521015211764706,0.62213343,4.300665594202309,-14.161924,4.0164356,0.1479692130980392,0.4366386,2.0881889523641197,-7.616074,2.8177104,4.351632342876537,3.477198676629625,3.052897237044184,1.560970242271691,16.10978640251332,smash,2026-05-17 11:47:43.106,2
1779011268245,10.745623535294117,6.647453,14.898975435457372,-6.8750234,48.410225,-1.80821051,-2.4924955,7.032335015979988,-13.777595,13.765617,-0.46805771431372534,1.2133099,12.91883525107075,-42.386795,25.593292,18.287727563072934,12.419871674905261,14.782962525874535,1.700589101786958,54.49718300123287,0.9687909495882352,0.79524416,3.2266246338037368,-5.762857,14.965824,-0.08200961862745103,1.5509392,4.060506754913259,-13.240576,3.247691,0.7376737394509804,0.9751462,3.0068273489382684,-10.876016,6.0514193,4.581144996076485,3.0615531343194324,4.0065493861783255,1.0608556680635381,19.99378861756202,smash,2026-05-17 11:47:48.245,2
1779011315772,7.081997470784314,7.7146387,10.220473716292677,-7.6930795,28.554104,-2.1464192307843137,-2.0613093,4.472676385633483,-10.199947,7.98413,1.268382407490196,1.5929933,5.0495971442060545,-13.523674,13.182319,12.9296935897647,11.220427027289368,6.077733300964202,0.6643329663087385,29.662085554331167,0.30620759815686277,0.27684405,2.5182520474164094,-5.898682,5.3180957,-0.7505069164117647,-0.44968846,3.4683367641159646,-10.058534,3.527065,0.29372689921568623,1.7312406,3.412605021405065,-7.2081985,5.390935,5.000168910585237,4.064509016374018,2.2963598583581804,1.3419448808000576,12.027458629325615,smash,2026-05-17 11:48:35.772,2
1779011331113,7.345711545882352,5.952764,12.27332835247863,-6.4282665,38.69656,0.17524572127450974,-0.93543434,6.2429593538427115,-11.592918,16.285662,-0.27336638098039195,0.9713665,11.793314605528787,-33.231277,39.11457,15.837841419415588,11.427806003626182,11.312985954507845,5.124250768055324,52.46199566516682,0.47090300576470595,0.49243352,2.5091142175215797,-3.3831167,9.143843,-0.18867504386274514,1.5892899,3.730479031941716,-10.85431,3.0057354,0.26640776941176475,1.2639748,2.893775978908464,-9.572759,3.404689,4.177996602143424,2.8826665361258423,3.334094493806538,0.5457630411969309,14.3118415886578,smash,2026-05-17 11:48:51.113,2
1779011333605,9.611552314705882,7.207995,13.062879616069145,-8.840513,43.69712,-1.9749311184313725,-2.4673429,6.780010496354727,-13.341618,16.161097,0.4807160743137254,2.6661677,12.470557716142865,-42.217915,17.972078,17.508548177189482,13.534522575515705,12.565252796028448,4.39899840048108,48.32370141920229,0.9515268786470589,0.8594283,3.0737129576306805,-5.8147902,11.347809,-0.1765520688235294,0.84518,3.950022121483801,-13.117401,4.4785085,0.4307246307843137,0.77766675,2.497313451633553,-8.785237,4.933257,4.442421077594306,3.9206905002822183,3.507376961027416,0.6849196416062329,17.623278761160353,smash,2026-05-17 11:48:53.605,2
1779011338807,7.997727881960785,4.9909797,14.140206976127402,-8.08474,62.893288,-1.472914038137255,-1.2708014,7.089518203590387,-22.457611,16.183853,-0.023931341205882313,1.2049257,8.964366711779716,-30.510012,16.4234,16.309612003776888,12.336749954190035,11.256085171304854,5.267750857452745,63.48832025096666,0.39750717823529413,0.14035287,1.9738747157196763,-3.604432,6.247567,-0.2891706694117647,1.3402767,3.7625797549595306,-10.49171,2.776297,-0.061121419137254905,0.2956199,2.654400608794907,-8.578171,2.8636513,4.08651299512733,3.515168824234604,2.8836998767409114,0.2817763890135185,13.604613750602086,smash,2026-05-17 11:48:58.807,2
1779011520737,10.235926729411764,9.397462,6.639590711128292,-0.670734,31.495752,-7.790143219019608,-8.447655,6.385846033111945,-17.871468,11.694726,-1.8145045171960783,-0.020361567,8.279376586873084,-30.393831,13.528465,15.522282709407559,13.060548336468463,8.931920197938842,0.9742694075328792,41.7241781365081,-1.0385626881470589,-1.5340276,2.226067994901637,-4.315518,9.487401,-0.2616165552941176,0.70282966,2.3218827212026505,-7.320454,2.149503,-0.15374479862745097,-0.82760257,2.927493054631543,-4.7770576,7.283302,3.939704996614405,3.9247093135157582,2.068608157547453,1.3069695213605348,12.17865439121062,forehand,2026-05-17 11:52:00.737,3
1779011523636,11.5501520842549,7.8715425,11.999554895335313,-0.9366321,43.30067,-4.929284210392157,-6.615114,5.533596484332902,-14.163267,9.290864,-3.175371211764706,-3.896246,10.08123852441442,-36.36576,12.321144,17.06503228848841,13.300669958074433,12.261497440025328,5.321248765893059,52.412173189023555,-0.6914847633137254,-1.566386,3.7911674851055426,-4.3813,14.630788,-0.7091013194117647,0.25953296,3.1997501192190914,-10.31274,3.036629,-0.2091715695352941,-0.27537927,2.7785237817941466,-4.993313,5.2557755,4.761456718344673,4.379417884039048,3.201854123153781,0.27637478524398007,15.749246771701529,forehand,2026-05-17 11:52:03.636,3
1779011527486,11.690170063137256,10.107721,11.588393603387432,0.4419658,67.499794,-4.344646510980392,-5.723996,7.11563792029296,-15.8413,16.094023,-1.5511898257647059,1.0072987,10.077340366934939,-31.142418,10.037055,16.739350050296927,13.109088521757833,12.718768216852432,5.259281690779509,72.97305264517908,-0.7462613753921568,-2.0813239,3.89283114283845,-4.5115323,17.106405,-0.43874828515686276,0.17444238,2.121728596657714,-8.642221,2.2484424,0.06227548207843138,-0.4952299,2.8229709686140536,-3.9005847,5.6776333,4.299569388041306,3.910416446677388,3.088261451627212,0.8374410584749807,17.981888402796564,forehand,2026-05-17 11:52:07.486,3
1779011531064,11.740686544117647,9.981959,7.9213000363295425,-0.2778755,43.652805,-4.169001636470588,-4.3118615,5.9682849909160876,-15.739491,7.3900514,-1.267654313019608,0.21559307,6.9572150477256605,-22.12943,8.458435,15.504812314024871,14.058644173463057,7.844165966479456,6.744871884395225,45.483804285992576,-0.18860977949019614,-0.6355828,4.017867531560893,-5.4021206,13.68081,-0.41452060207843133,0.14807628,2.0300735314393203,-6.2626143,2.6504588,0.05519963549019609,-0.23503114,2.097989426436,-2.9099917,5.4410043,4.062567571085011,3.230255620731424,2.8365701543279966,0.46963598422162167,14.313905149273808,forehand,2026-05-17 11:52:11.064,3
1779011534410,10.781907979215687,9.607067,9.526724428670382,-2.7895348,38.142006,-4.4995776290196074,-4.6520195,5.590270796219737,-16.671333,10.413145,-1.8681679736862746,-0.21439533,10.000636695963545,-39.60325,9.965191,15.630916020859617,12.548701109988736,10.751548714808791,3.2408842867435625,55.56972250226409,-0.5575602354901961,-1.267437,2.940298278028106,-3.2611403,10.822218,-0.7591937917058823,-0.033690017,2.4352601129247318,-8.0572405,2.3744137,0.3021500680392157,0.12051172,2.8909739198258295,-3.787397,6.960251,4.182266309502286,3.7884524258697887,2.467896195601603,0.43910015774433253,12.138893679656148,forehand,2026-05-17 11:52:14.410,3
1779011538942,12.482509715686275,9.233372,11.955585792293704,-2.7296479,65.93195,-4.27630496254902,-4.286709,6.483213462145119,-12.136692,9.611857,-1.6279391019607845,-0.41322005,9.141555264618638,-27.276117,11.013212,17.321089952151628,13.695098237912863,11.94991965844465,4.89572435192212,68.23992748977687,-0.8307749745490196,-1.9087458,4.301804206060602,-5.0750747,16.593065,-0.32414009,0.29601938,2.4526780269254367,-9.054225,3.1349025,-0.026802152450980398,-0.6249298,2.6800619668274543,-3.9386692,5.8617964,4.596927238031785,3.9864878101044194,3.310800190373344,0.7666845797334588,17.577111542083706,forehand,2026-05-17 11:52:18.942,3
1779011542001,10.781461854117646,7.4451475,9.939701064078868,0.87674516,53.347305,-3.4211426192156864,-4.35498,5.349136425308666,-12.494816,16.84261,-1.491279347254902,-1.3809934,8.322318807197508,-27.849834,17.449863,14.396869289436747,12.002907306624328,10.864072784247282,4.5271130340226815,59.09726647122636,-0.19996249041176475,-1.5197792,4.374919381022617,-4.9102197,15.6243105,-0.47979354280392156,-0.022903884,1.9375504597254067,-7.109925,1.8857087,-0.2913561034901961,-0.1719123,2.3325527589257913,-4.346678,3.7971177,4.262965382973618,3.844493781034517,3.18758045212624,0.5585358271665004,16.52172124677676,forehand,2026-05-17 11:52:22.001,3
1779011545091,11.61226995580392,7.818842,12.11944174951025,-0.077853054,62.069244,-4.968927030392157,-6.712131,5.909876441411897,-12.517573,10.367631,-2.0378006978431373,-0.84201074,6.876142350710324,-21.071827,12.806229,15.824346687606845,13.562326258578295,11.858841811628643,2.873492653609186,63.78978704420965,-0.269629811372549,-1.6809055,4.238608228323147,-4.462662,14.467132,-0.36283283156862745,-0.27338183,2.174537616329978,-6.810177,2.9376895,0.04701665117647058,0.234099,2.7387302036805985,-4.5095353,4.539896,4.715597553803179,4.451427082865444,2.7792352950031614,0.7716794718817047,15.145344902189857,forehand,2026-05-17 11:52:25.091,3
1779011548668,12.711630437254902,9.316016,11.315836720834685,1.2672081,52.567577,-3.356276766666667,-5.149081,5.223342756692537,-10.259834,9.892129,-0.8214847776470587,-0.15929933,6.773185969631632,-26.038853,9.350751,15.498231596687681,11.635720492985543,11.541399875375173,4.820990078063167,53.25473407084723,-0.560213015882353,-1.7452227,3.0547617472642874,-3.9284155,8.594417,-0.990026402472549,-0.50388545,2.3914474788204996,-8.656337,2.350844,-0.03469264703921565,-0.27950728,2.7093943873977433,-3.807904,5.5833545,4.162324118744764,3.7979340702341595,2.4578579662421607,0.7785991214747123,11.821064181918402,forehand,2026-05-17 11:52:28.668,3
1779011552305,12.205667662745098,9.716061,11.027622071119218,2.31523,54.71752,-3.808458629607843,-4.3801327,4.728839257300289,-12.858929,7.997305,-3.0449115290196076,-3.1416702,8.349170574856643,-30.221357,10.52214,15.759079606760862,13.139269118668466,11.686432581198648,3.6561458107270393,61.4242508817598,-0.31491799127450987,-1.6858324,4.370942951764083,-5.160698,15.487686,-0.3985072152745098,0.3560755,2.1706886157400764,-7.367993,2.117411,-0.6878998184313725,-0.4660674,2.418095035359126,-5.5794926,4.6906357,4.43645210933273,4.3382482075451705,3.2146969906089806,0.6670572002231104,16.588580327497016,forehand,2026-05-17 11:52:32.305,3
1779011556221,12.96038430980392,10.504173,9.297741624131413,-1.8217615,38.915745,-3.095897711764706,-5.1574655,7.89856491134492,-13.633866,23.879328,-1.3559347862549018,-0.039525397,7.5667889484527295,-28.25946,11.921099,16.7229609346306,13.167229788785908,10.18938901002589,6.129771792997966,45.94317870959562,-0.8341196767450981,-2.1969087,3.83391365047094,-5.1855993,15.722451,-0.6776541707843137,0.49789315,2.5085185323856893,-8.068958,1.69036,-0.09146671588235294,-1.0108336,2.561949940301406,-3.6792693,4.901431,4.393971462866507,3.9337972348703003,3.00809331507899,0.6840803864156435,16.31944171200774,forehand,2026-05-17 11:52:36.221,3
1779011559125,10.712626920588235,9.684919,8.12679099582324,-1.3306884,35.011116,-4.669515729411764,-6.6450577,5.36500486837133,-11.40128,9.868174,-1.6582347882352941,-1.4624397,8.340254141645637,-25.67474,16.70487,15.010786385359474,13.394117327787475,8.755481221240455,2.9156697759865895,43.97877409840425,-0.5375075890196078,-1.1691633,2.6989711180566927,-4.005916,9.840014,-0.7454963615882352,-0.41879487,2.121596470754513,-7.1775713,1.756142,-0.30590472752941184,-1.2234936,2.9190233113230657,-4.136548,8.299728,3.8830093186669683,3.6407217213741,2.425699744624689,0.5904701613082122,11.482948746163702,forehand,2026-05-17 11:52:39.125,3
1779011562456,12.385704352941177,10.481417,9.940951526609664,1.4193211,54.27316,-2.8641938570588237,-3.3955908,5.2814044678807,-11.467155,14.887899,-1.2695096767843137,-2.3355916,8.51155458169412,-28.637945,12.066026,15.770059519829017,13.60709395716036,10.58201262810084,3.3723712657290896,56.45044800893861,-0.42907444731372546,-2.012479,3.563723142624096,-4.1412086,12.109763,-0.6187469160686274,-0.121710174,2.281000691691198,-7.9272738,2.410767,-0.13891941635294114,-0.11944642,2.651182816549266,-4.354401,4.9692106,4.282499471040691,3.9753196721660777,2.6121323898377735,0.9064312013581834,13.075569790930372,forehand,2026-05-17 11:52:42.456,3
1779011565656,12.656980462745098,10.256242,9.473260511901165,2.958416,51.666878,-3.9763300143137252,-4.870008,4.040873311070489,-10.391586,4.5777593,-2.0912997017647057,-0.7593667,6.381620583655231,-25.138151,8.932739,15.069988916685901,13.193256756691083,9.956973078853869,3.207269562267576,54.825474322375925,-0.6307576171568627,-1.8098063,3.8191438834571265,-4.4169874,13.550044,-0.7320913801176471,-0.45861033,2.141611760283542,-7.5311165,1.9968991,-0.4458789876470588,-0.47365764,2.0717186140803983,-3.7008417,3.3994956,4.085566641186952,3.7050102047560354,2.7557141593059433,0.4860951602244512,14.089883599392365,forehand,2026-05-17 11:52:45.656,3
1779011568684,12.285470061843137,10.068196,10.058726136987707,-1.1630049,51.8142,-3.904371727254902,-3.9154096,6.967485218734388,-18.841637,15.596961,-0.9492670605882353,-0.6036606,9.25576935478626,-30.810644,10.680241,16.527427898104655,13.006738195674686,11.27801662246113,3.6966142434482787,54.50467214032974,-0.2185242705882353,-1.3176391,3.9586230677270087,-5.0288672,15.166233,-0.8839536182352942,-0.27218336,2.523963385850114,-8.548342,2.5665667,-0.015015984215686293,-0.091349214,2.52581993676377,-3.2159982,5.2395296,4.3096637502614,3.669201616003468,3.2128068457048173,0.45230593433417837,15.962841590919375,forehand,2026-05-17 11:52:48.684,3
1779011572552,11.685966235294117,9.645394,10.962864355491014,-1.1246772,57.852005,-3.150030808235294,-3.569263,4.3553041873095975,-12.383427,7.630797,-1.3990533501960785,-1.7918179,9.344278847593548,-26.902422,15.097504,15.416486533476254,12.805684321419394,11.638637664747714,2.1297990102140885,63.56371040995672,-0.22114308019607848,-1.5341607,3.545957142771504,-3.8715553,12.484215,-0.6908215607843137,-0.10040423,2.2024913028462936,-7.4545484,1.9612117,0.006190716274509831,0.08389214,2.4258946639511345,-4.061711,4.6445613,4.002317448495043,3.56130906478546,2.7399871562508595,0.6427641868009556,13.52813427935639,forehand,2026-05-17 11:52:52.552,3
1779011576071,12.318537130980392,11.879178,9.974138413143608,-1.7738519,45.946476,-5.505044525294117,-5.6665044,6.446999623914414,-18.11341,24.735712,-3.3103399510784315,-1.4061459,8.202627316412592,-27.405472,8.677621,16.7609013566884,15.65485132748395,10.892859719773101,2.1216123689860185,49.87401186398643,-0.33550064245098044,-0.8744756,2.916769046479856,-3.4563558,7.5429683,-1.1416850003137256,-0.5033528,2.3437742796812175,-8.649812,1.6442858,-0.0011384086274510098,0.30880296,2.639389512537306,-5.440072,5.8908257,3.9646631637777525,3.200397527694049,2.525588685944364,0.7405385759224969,10.805969940951867,forehand,2026-05-17 11:52:56.071,3
1779011579401,13.492885090980392,10.252648,12.214065535878833,-0.54736686,71.92903,-3.444463264509804,-3.3979864,5.0801341277411245,-11.83606,7.266684,-1.934889088235294,-0.4359771,9.44141776333606,-30.781898,10.798818,17.32017719818768,13.795205477256799,12.639723595706243,3.567473459801737,71.94872600131328,-0.8196415523529413,-2.1612213,4.25157223784036,-4.3211107,15.126551,-0.4575267596078431,0.35168114,2.7179576634761444,-8.388015,3.177914,0.06665415335294117,-0.09441194,2.7293579739890035,-3.941865,5.311038,4.913415393584108,4.523062093656262,3.0317270589020184,1.4238333689847837,15.761241866800312,forehand,2026-05-17 11:52:59.401,3
1779011605756,12.904466454901963,9.863383,10.65424989903233,1.7882247,59.849834,-3.806039604372549,-3.6459184,6.4791276734382395,-14.033911,18.911106,-1.2960242509803919,-2.1116142,9.820525356404081,-29.979414,22.201296,17.300757095823922,14.379582269648761,11.531566364384869,4.309134563928737,62.922696481708456,-0.8892070105882353,-1.719922,4.027881041723271,-5.9251814,16.104094,-0.6954926903529411,-0.13209683,2.6596344472954527,-9.085385,3.06952,0.09037529980392152,-0.4984258,3.2457169974988753,-4.406601,6.644124,4.994868356047738,4.685648767045978,3.1133091779905713,0.7507981847562645,17.358325880057713,forehand,2026-05-17 11:53:25.756,3
1779011621562,8.402775071764706,6.6965604,8.547509432144992,-3.6878393,40.495564,-5.481277661960784,-5.70603,6.04402164360737,-30.238125,6.361193,4.418037372294117,4.69394,6.565148172730589,-20.809523,17.199535,13.516530135559528,13.218641180702246,9.429435651364434,2.437125481958191,54.65593430434841,-0.22847485419607844,0.12677033,1.7921160625572945,-7.3197885,2.3987825,0.05676883196078429,-0.5287868,2.3310054982172996,-2.5579112,7.781062,-0.6004332074509804,0.37857988,2.492864076341117,-8.80641,2.005155,3.0361994581246776,2.4754489135878406,2.4250820585724715,0.4746773850148923,10.295225492782906,backhand,2026-05-17 11:53:41.562,3
1779011625103,10.59271215882353,10.185575,8.665904209437532,-3.4854212,38.21986,-5.8157052647058824,-5.535951,4.2511058230726615,-15.5742035,4.9490585,2.316498234509804,2.0637047,7.8919869947937,-29.309877,18.091852,14.714254296226079,14.46967920837613,9.435879167191533,2.2607876891741183,48.49202002041646,-0.619527615772549,-0.23702857,2.2170149358019575,-6.406563,6.529072,0.22249039105882354,-0.67020494,2.841907292377727,-2.449384,8.367108,-0.8500442754705883,0.021172777,2.5471498844355245,-8.437018,2.014876,3.609090072676462,2.515156703762017,2.7152407973093586,0.8529342228912601,12.678548085055835,backhand,2026-05-17 11:53:45.103,3
1779011628729,10.11749152764706,6.3276567,12.747059894223865,-3.1165175,42.46345,-6.716616582235294,-6.8271136,5.866792019962053,-27.684546,12.703222,-0.6164833996078433,-1.2181008,7.018121722321163,-25.110603,18.99854,15.535761483475047,12.522905843331847,12.279555850997916,1.894399850226643,54.55306692671404,0.2821209103529411,0.65502447,1.8319080954786284,-3.7138915,5.0124884,0.40746827733333335,-0.87940264,4.302093287340021,-4.5482855,15.221895,-0.17606382635294118,0.14314927,1.4150370325489665,-3.8494506,4.1521277,3.6680317354173027,2.482927567188445,3.2287507299316847,0.9549086788834391,15.958556329726486,backhand,2026-05-17 11:53:48.729,3
1779011658010,7.472695320666666,7.0247407,9.097937902311294,-6.1252384,34.705692,-8.262827478431372,-8.62013,6.652083182236466,-24.867462,14.699854,-0.6380897413921568,0.84320843,7.836437007705502,-32.45993,17.325298,15.150100592756583,12.43037168952139,9.018285625967266,3.5431132505683998,39.92672910086297,0.20510361323529414,0.07217387,1.8799278811246556,-2.906263,4.0309505,-0.1716459592156863,-1.1429305,3.304209131041887,-4.643097,9.339059,-0.5390193569607844,-0.21106195,1.5132688404167651,-4.01324,1.6955532,3.684252317962758,3.3879658017817667,1.8072169450714157,0.8861302268122428,9.355553672909712,backhand,2026-05-17 11:54:18.010,3
1779011661030,9.955279947058823,8.732717,10.248206057848172,-3.2853987,42.626343,-7.590050294901961,-7.279859,4.612875097582629,-18.820078,6.7444696,-0.30516522588235295,0.6288131,7.208504151059653,-34.499683,13.511697,15.344886985059622,14.153306648236596,9.901403351587717,2.935003967659412,46.072574846286514,-0.030849209411764694,0.47112757,2.0100825452568896,-4.5590715,4.0712986,0.012895835686274473,-0.8758072,3.7590307006850896,-4.392885,11.780586,-0.6844820128627451,-0.09507775,2.0284997236381765,-4.7096777,1.8003519,3.961236181131495,3.166317136433668,2.599877136742605,0.7187251045169398,11.982153971724538,backhand,2026-05-17 11:54:21.030,3
1779011677683,10.234705660635294,8.155407,8.877944614039686,-5.952764,39.43916,-7.307055024509803,-7.39604,3.9567181045513404,-15.689187,0.3844743,0.38571901313725493,1.5307108,7.442292271169923,-31.319685,14.889097,14.814704159359692,15.043330314720246,9.351637148410564,0.8629468368080156,43.05341557160298,-0.19674311584313728,0.15473437,1.7357331076409401,-3.9133682,4.5355015,0.2994685424901961,-0.49895844,3.463777647053015,-3.995263,10.600104,-0.6910095583529412,-0.06604841,2.3956012370408986,-5.507452,2.6997287,3.692369653392054,2.8026366981479796,2.7315134827407808,0.3572505323363345,10.921669550893286,backhand,2026-05-17 11:54:37.683,3
1779011685247,10.047693834960786,9.482502,9.31780529913532,-1.3115245,35.771683,-6.696936051960785,-6.6306844,4.999078127195714,-21.529364,10.322117,1.0184305858823528,1.4456713,7.095140746988998,-33.408543,15.648463,14.44551696071347,13.103318957363031,9.954196667977229,1.4178289682873206,46.70870405186105,-0.26949402382352944,-0.13982022,2.2784885636999883,-5.4932036,7.485708,0.09554248790196082,-0.8861939,3.5276362556775296,-3.897389,11.544356,-0.658068906482353,0.26379415,2.225106190206778,-5.860598,2.1002328,3.8310769586655082,3.0035615777369733,2.8532854486850066,0.5728734652753829,12.7198496625496,backhand,2026-05-17 11:54:45.247,3
1779011688936,11.303229914705883,11.592918,9.417407623392714,-0.1281581,35.144066,-5.640529958039216,-5.951566,4.591623257268654,-15.487967,6.618707,0.10288816980392164,0.71864355,6.513931545680297,-32.298237,11.08867,14.618136399489718,13.43115967029022,9.849828360694747,1.4297244586400788,47.663092024144994,-0.6231543161764705,-0.7820611,1.7146913574278753,-4.2718406,2.3428543,-0.03210774264313728,-0.8401198,3.453733037077992,-4.0621104,10.875084,-0.6262823403529412,0.08335949,2.0522630796528007,-5.0264707,2.2206116,3.79420780349438,3.081912713929562,2.278925710032707,0.5309162322123899,11.09711823343542,backhand,2026-05-17 11:54:48.936,3
1779011693991,10.86567932890196,10.928173,7.600395098365072,-6.540854,31.010668,-5.809740073333334,-6.1024814,4.676874367865899,-15.864057,12.724782,1.4143891684313725,1.7331287,8.828224246222087,-41.301643,21.06464,15.029912592011907,14.03478861784463,9.168061946998748,1.8680225295141726,54.02921014418887,0.07594680254901963,1.0716888,2.2028999694355083,-6.2504964,2.2930517,-0.029454929235294164,-0.556884,3.062693101233951,-3.2267845,9.7408085,-0.647522986862745,-0.17950253,2.4522647333029535,-6.3458405,4.1226993,3.7886952974500483,3.281536699355017,2.4575604347769375,0.8278950906867467,11.177799166505721,backhand,2026-05-17 11:54:53.991,3
1779011696524,10.131793939686276,6.984018,9.849841724247181,-1.9990269,41.767563,-6.78991346,-7.4822774,5.071423306019669,-19.27881,4.024404,-0.3479784794117647,-0.8863271,6.666287904830505,-14.811244,20.056145,14.480511169602295,11.564359284783519,10.254462953356139,1.2126564391314787,46.92069079858674,-0.4329230929607843,0.3104009,2.0009651868985743,-3.6816661,2.5179625,0.30253127205294117,-0.8450468,3.290117474356268,-3.1498168,10.349093,-0.42382629149019607,0.6362486,2.155642166938082,-5.4332805,2.032853,3.919285113951881,3.2575606663372794,2.067671137281337,0.7135818626366841,10.378209560813984,backhand,2026-05-17 11:54:56.524,3
1779011700810,10.450204673529411,10.078976,9.211916718890713,-1.5474792,35.98967,-6.623545208313726,-5.2844257,5.2883295597642075,-20.449003,6.8474755,1.391819979117647,1.5858068,6.576828051049274,-23.376278,14.604035,14.550512254675278,14.081767341089863,9.911828736620249,1.693385153809977,39.75243711147227,-0.39989105694117644,-0.3476863,1.7644663174904756,-4.8283253,2.6264896,0.11364997266666668,-1.149988,3.3969442064097652,-3.781671,9.968916,-0.2937739243137255,0.5093451,2.0490500425411757,-5.3672323,2.0112805,3.67986298772163,2.6579665384921287,2.302883605709871,1.2045796892516867,10.125616259013771,backhand,2026-05-17 11:55:00.810,3
1779011704713,8.526212618823529,7.5541415,8.846473838784634,-6.3564024,34.401466,-5.844732766470588,-6.1803346,4.7202006196157535,-16.957592,9.220197,2.088646016862745,2.1738968,6.861212363591096,-30.702848,21.782087,13.239215577478854,10.774035419952373,9.070738696150848,2.093619109018663,41.469022272156565,-0.16231156384313727,-0.048071526,1.9687273637332565,-3.5449088,9.803795,0.4599523842941176,-0.20919769,2.582629085809909,-2.5194273,9.614438,-0.41731179329411766,0.06804584,1.4984715693595212,-3.368469,1.8139343,2.824885742623766,2.1065635803330673,2.2521078578857954,0.5694389956252702,11.782330669810644,backhand,2026-05-17 11:55:04.713,3
1779011720875,9.709015535882353,9.092039,7.316965756130885,0.07545757,30.728,-5.859622335294118,-5.9347982,6.158132298616082,-19.31594,23.752367,2.3513265679607844,1.7978066,8.354191685082984,-30.375866,23.147509,14.190086489757286,12.073091503285244,9.626985270481232,3.308431934047261,43.16987525265291,-0.13470000823529413,-0.13782279,1.9792809830398073,-4.3725114,6.01693,-0.035909378615686285,-0.6708707,2.8450343923064034,-2.8788319,8.780577,-0.3050848317647059,0.44795737,2.0283716143295587,-4.4934225,2.1171446,3.3500813254885706,2.526478702542181,2.1893652186836086,0.7159912509941192,10.383949565974618,backhand,2026-05-17 11:55:20.875,3
1779011724099,10.413708885156861,9.996332,8.633215307373831,-5.376652,33.511547,-5.426299105294118,-6.1815324,6.651235224019892,-14.2519,28.154058,-0.2523472669607844,0.08144627,8.759740118777223,-35.73575,14.954972,15.601318752484412,14.110298199147937,9.37806068916661,4.247833536447958,56.5041466820186,-0.36414095309803923,-0.88739234,1.8061968365756618,-3.041556,5.536215,0.19519738219607846,-0.18815807,3.1028815711778748,-3.3310504,9.0477,-0.5101127445098039,-0.3603367,1.6221008882484862,-3.703638,2.0644124,3.4029577613581647,3.096372962706941,2.036968917263073,0.625202202523733,10.48089036290036,backhand,2026-05-17 11:55:24.099,3
1779011727256,9.122827830196078,6.3887415,9.98147945319625,-9.088446,37.567093,-6.522230526862745,-6.455815,4.6697490849444305,-19.43811,6.059363,0.6186206137254902,2.4362016,9.864326617254267,-37.26047,20.040573,15.50940585272152,10.934900940361741,10.10247783622948,2.541150363995774,49.50200415508044,0.054296203705882354,0.015180482,1.696147191662501,-3.9095066,4.734446,0.1353188094843137,-0.31066722,3.5668577604422196,-5.4667044,9.376078,0.3470022195098039,0.23662908,1.943551594486395,-5.182403,3.863033,3.4501321400900973,3.5287606558168707,2.7165797529108633,0.15191818903751442,9.884710180441942,backhand,2026-05-17 11:55:27.256,3
1779011730893,9.311718205882352,8.03204,6.446174869319602,1.2648127,29.06434,-6.875281664568627,-8.0727625,4.234366380520238,-17.045027,4.4663696,1.0111972591490195,1.4301007,7.991939753324304,-37.204178,12.688849,13.891048016854688,12.3406464322379,8.014599608865097,3.494205458092568,41.13100161389822,-0.10791353780392157,-0.54742944,1.8958942263259433,-3.317468,5.034593,-0.003963524509803938,-0.77487034,2.690078510637504,-2.8098538,8.281885,-0.2383680217254902,0.120644875,1.281030476208496,-3.0127928,1.6864982,3.07243556418246,2.692479645486292,1.7068007651330175,1.1105964539555195,8.387776483294125,backhand,2026-05-17 11:55:30.893,3
1779011734395,9.965801353529411,9.904106,10.79359499377867,-3.4890144,38.786392,-7.6622199954901955,-7.6739154,5.277730513129223,-19.948347,6.4342556,-0.5755489954352941,-0.31141222,6.34612660303663,-19.125502,14.558521,15.319847849826587,15.382757666242922,10.332617873024693,1.779415362310894,41.94472156256916,0.09373567901960783,0.08109573,1.633527439728004,-3.9001853,7.220982,-0.059392891731372556,-1.0967232,3.985055316196311,-5.3607073,12.548799,-0.5060030070392156,0.092947155,1.7381625478979155,-4.904361,1.6320349,3.695773537751082,2.673327819864336,2.812843743293052,0.8462210117629991,12.770278243568857,backhand,2026-05-17 11:55:34.395,3
1779011739132,10.133155960588237,10.614366,10.694737241195885,-4.152562,42.26822,-6.0108427658823524,-5.047273,4.177673738766481,-16.715649,2.0265749,1.036255850705882,2.4493768,6.675258923857153,-22.383352,16.967175,14.490366893992018,12.651060749704039,10.242162938002448,2.748058966031475,46.71454358825162,-0.11031568039215689,-0.30254433,1.5344863899260717,-2.7331524,3.0313025,0.14471847815686276,-0.82027864,3.4867940900147127,-3.6250722,10.724344,-0.49978874701960785,0.27577874,1.8008949175996953,-4.4197836,1.835773,3.5133129366405185,2.9032938563447743,2.335364785032816,0.7886412211314959,10.786235483234789,backhand,2026-05-17 11:55:39.132,3
1779011742106,10.056829481764707,8.101508,9.098252189987203,-1.3223041,37.346706,-7.080705801176471,-6.978029,4.3208332438723405,-18.180485,4.4531946,1.37075383627451,1.4312984,7.844815942637472,-32.330578,19.729162,14.365977913661771,12.826058867713,10.425846042907342,3.180272169834175,48.39301723289816,-0.2500001124509804,-0.30667236,1.5386606237071947,-3.2294476,4.5927615,0.19404592878431373,-0.42332238,3.2156100416029507,-3.9005847,9.990621,-0.32375104315686276,0.15473437,1.4849457850043581,-3.7117608,1.7698576,3.241118699076657,2.902803677020587,2.099240100144312,0.7007338677251572,10.141743617086629,backhand,2026-05-17 11:55:42.106,3
1779011746327,6.8431307176470595,5.91803,6.06536246770664,-2.1930606,29.588951,-7.570675062941176,-7.851181,6.600620241207377,-26.467642,5.7443576,2.0910179383137253,2.3176255,6.570580724497992,-19.420145,17.516937,13.349234531419123,11.473733030658158,7.242200626109855,4.488465370532818,39.82857119464851,-0.1595647731372549,-0.08362581,1.9680617740044026,-3.8361342,3.4335852,0.14651226280392157,-0.032891043,2.006521580245375,-2.3094306,6.972102,-0.03613131262745097,-0.18163313,1.2886050295353302,-2.6888094,2.6362104,2.7303185826772887,2.384175426752291,1.4161085560879094,0.40232179367760856,7.783376551757954,backhand,2026-05-17 11:55:46.327,3
1779011803039,9.546710001568627,8.738706,8.890394526730205,-2.7392297,36.939476,-5.091378300980392,-5.490437,4.520581354041053,-14.999289,3.8183928,-3.7259555319607847,-1.9079987,5.926340484251327,-23.7356,1.667253,13.322060834462002,11.597867620027838,9.334499003889666,2.6294897604026337,44.83912337013132,-0.2471044983137255,-0.5614115,1.7411840144260329,-2.935825,3.5390496,-0.7360078933137255,-0.23396584,2.097652079927057,-7.129899,1.5260378,-0.5684664594705883,-0.87514144,2.5905914640978773,-4.519522,5.076939,3.4104510508346935,3.2830990266609277,1.79545845728399,0.9542060845827653,8.954724609694468,lob_forehand,2026-05-17 11:56:43.039,3
1779011807301,9.576042818627451,7.661938,9.687977159993354,-0.8515926,43.827675,-5.529093278039215,-6.758843,5.099369379267718,-14.935809,7.6272035,-3.623349197647059,-2.6517947,5.299929395795814,-25.247147,2.480518,13.53649765141422,11.967910938405103,9.957728033423807,1.3603855839791912,47.02957389726507,-0.19162290950980393,-0.5339801,1.7895511644568076,-3.0607312,3.3495598,-0.5626856587254903,-0.19388404,1.9332653453516215,-6.8961997,1.6504112,-0.2937869662745098,-0.6074856,2.349244216290848,-4.1707706,5.5038567,3.075172689146898,2.978125003202923,1.8059828407417506,0.3837460775840655,9.123675271640252,lob_forehand,2026-05-17 11:56:47.301,3
1779011814011,9.89069609607843,8.568626,8.773039686459034,0.7378074,38.90377,-6.0900814629411775,-6.0521765,4.710765031667137,-13.873414,2.7739642,-2.71449991027451,-1.3306884,3.639721167983114,-15.459221,3.091365,13.293790555184467,11.912418526058207,8.79061310211052,1.9448490320578125,40.16020417668426,-0.4014237274901961,-0.722005,1.8595445916145492,-3.550102,3.8880675,-0.40605567254901964,0.08935178,1.736708006282701,-6.063803,1.3904788,-0.44259431941176464,-0.887126,2.3188863089355887,-4.0180335,4.95403,3.0614495773927675,2.77125952513505,1.6803933184269735,0.35018113696268793,8.274855568599358,lob_forehand,2026-05-17 11:56:54.011,3
1779011819852,8.857587173333332,6.4929447,9.974019203706124,-5.4916344,42.56406,-5.068081033333333,-6.647453,5.607043563391571,-13.121234,18.010405,-3.2601993110784315,-0.9090841,7.1240593745304945,-29.482351,7.266684,13.877469190882483,11.624741483423302,10.114494735435635,4.4006315816479225,49.73456273038758,-0.32823416745098044,-0.9477148,2.030039225427024,-2.8358204,4.583307,-0.7439950290392157,-0.31479526,1.9926906227821217,-6.932553,1.5003376,-0.2641074950784314,-0.73385644,2.497976476939195,-4.3769054,5.201179,3.408740474125514,3.2493721021524973,1.795967489569013,1.081071014685,8.881611611681182,lob_forehand,2026-05-17 11:56:59.852,3
1779011826435,9.341708649215686,7.419995,11.076003898839103,-3.786054,45.681774,-4.727923126078431,-6.3935323,4.720404470245791,-11.567766,5.618595,-1.6089630688235295,-1.341468,6.436896460906039,-16.897705,15.466407,14.215618055085248,12.973549290907222,9.73252149654883,2.7337413398669597,45.93214723523358,0.23919049519607846,-0.02583345,1.9559097013036646,-2.6770911,4.6127357,-0.8904028621568628,-0.6650116,1.8034010413034074,-5.7904215,1.2316164,0.19888415045098037,-0.5836496,2.182017829330257,-2.3496456,5.3684306,3.010985912608827,2.4774702531721675,1.870577166018614,1.005540821188889,8.354175161769644,lob_forehand,2026-05-17 11:57:06.435,3
1779011832726,9.782359324313726,8.602163,10.343671527979163,-2.8218737,42.34727,-4.346220065686275,-5.307183,5.383425484233272,-14.619606,22.91395,-3.3488555621568628,-1.3294905,6.623043605279513,-22.323465,13.624284,13.84112653794026,11.490713726329089,10.618106913082716,0.9280199500573559,45.78862607920552,-0.1658207776470588,-0.7074903,2.2458357578800756,-2.6873448,8.686298,-0.33684533205882355,-0.07377181,2.0417237813053144,-7.496095,1.6649259,-0.476568943745098,-0.8574309,2.2162804309715995,-3.6426497,5.0915866,3.1648289880147873,2.711105903805576,2.069610754919115,0.9485112034779426,9.798406148359081,lob_forehand,2026-05-17 11:57:12.726,3
1779011836777,9.541825090980392,7.9877234,9.068329029810311,-1.2276827,39.235542,-5.09950410872549,-5.8186173,4.613335821820158,-12.5235615,10.202343,-3.4123122736078435,-2.370326,5.6815702737475275,-22.625296,2.3823035,13.406478053217738,11.835192139222169,9.150875414186206,0.990641890199557,40.950614158271534,0.10593700974509802,-0.48111472,2.478748913305867,-3.515613,5.865525,-0.4761119998039216,0.10306748,2.187757315655201,-8.042192,1.8850429,-0.5409750147058824,-0.99285674,2.5267216742465872,-3.9357395,5.0929184,3.63246962723454,3.5419686679229674,2.0969594177937414,0.3927560090489277,9.990042792894302,lob_forehand,2026-05-17 11:57:16.777,3
1779011843077,9.954786872352942,7.4259834,11.146276363700634,-3.105738,43.8672,-3.793263699607843,-4.4867315,4.503266965353321,-13.468578,11.168919,-3.1192653327450977,-2.0002246,5.59453404514282,-20.264551,6.7468653,13.65984797145329,11.372521607518632,10.543965198951936,2.2682718220961187,46.80880487812025,-0.29935628425490196,-0.50415176,1.7726525630788135,-2.7478004,3.4724686,-0.7591102343529411,-0.2281067,2.1869368420710664,-8.0001135,1.6160555,-0.41258322966666666,-0.9489132,2.4522522026627547,-4.1079183,5.1652255,3.297209579765734,3.0362478211579997,1.9241406123810247,0.7140120787123987,9.600039276111676,lob_forehand,2026-05-17 11:57:23.077,3
1779011849077,11.113094779294117,8.523112,10.712969146719322,-1.55227,45.795563,-4.54605464882353,-5.1586633,4.699394408147336,-12.684059,12.661302,-2.8957812403490197,-1.0180783,4.515145362308977,-17.289366,5.2892165,14.06632859729631,12.40017089153337,10.536784108908298,1.2637965747895576,49.215252450156015,-0.3260565830196079,-0.7100204,1.6334368913191133,-2.9434154,3.5789983,-0.8349499672941176,-0.6656774,2.2472449263320726,-7.061054,1.6023397,-0.4852714583529412,-0.8073619,2.6463598834073063,-4.8403096,5.574566,3.439828824823586,3.1960320964788025,1.926680374250764,1.1224427550541927,8.900586364004896,lob_forehand,2026-05-17 11:57:29.077,3
1779011857671,10.231065361313725,7.327769,10.965531146819249,-2.8877494,48.05809,-3.7811923740882354,-4.065127,4.03359197527881,-11.971404,4.382528,-3.3370190353921565,-1.6205412,5.397991368991872,-19.091965,2.9296703,13.436261125558394,11.082965239670363,10.68724658293408,2.7276715448216424,50.2960252932878,-0.20475895050980392,-0.31519473,1.7049713780947464,-3.2843103,3.8325388,-0.7685856443137256,-0.12104437,2.1609783397139366,-7.300214,1.6121937,-0.651154921764706,-0.9471821,2.7067877981223614,-5.816521,4.871603,3.4475789513128006,3.158799027565945,1.9641090195054853,0.5753307154289946,9.44326433949344,lob_forehand,2026-05-17 11:57:37.671,3
1779011862026,11.270562304215687,9.336378,10.874627913216933,-0.008384175,54.77741,-3.359470822411765,-3.5752518,4.342181213207283,-10.889846,13.201482,-3.6461766723725493,-2.108021,4.174542131993164,-15.075944,4.2567654,13.624666672784821,10.834882996965836,10.946828162411572,0.5910730992735018,55.25400344607477,-0.055700936750980395,0.0818947,1.9649259093555773,-3.7916582,4.1673083,-0.632637557117647,-0.008256052,2.2968005747594233,-8.694554,2.0090168,-0.39773434082352943,-0.4221239,2.443991342716333,-4.048661,5.6275644,3.264256629986044,2.8633518513003398,2.1939912506406025,0.7463079058616642,10.396490745945243,lob_forehand,2026-05-17 11:57:42.026,3
1779011867207,10.284423482215685,5.649736,12.118257426688993,-4.1322007,46.396828,-4.143191492745098,-5.6161995,5.0376739922615466,-11.004828,7.4487405,-2.8671295298333335,-0.7414006,7.177345269268279,-23.020548,6.1563797,14.952205963139054,11.504120238260976,11.379091594832666,2.895064760603748,51.89455786153488,-0.22011177166666668,-0.263661,2.228956918897565,-3.7928567,4.2370853,-0.9644749404843137,-0.6967042,2.055741277105765,-7.1304317,1.4606552,-0.20083979392156867,-0.66807437,2.7446783139145494,-4.5402956,6.441318,3.6957210916785685,3.6349832948768084,1.9584270209858545,0.7581897833275488,9.47488527782013,lob_forehand,2026-05-17 11:57:47.207,3
1779011873528,9.706878250980392,8.478796,11.803266187859506,-5.6796794,43.897144,-2.2327503949019607,-2.3727214,4.372282318720809,-11.903132,10.959314,-2.67845028,-1.0168806,4.78999249279434,-17.528913,10.498185,13.638107110302109,10.604133248044219,10.008519336737843,2.9568907432802227,47.433126318147956,-0.12484079870588234,-0.5389071,2.0505914630233995,-3.0278401,5.23447,-0.7465329290196078,0.07643505,2.3877613108195845,-7.874675,1.9176676,-0.19392581421568628,-0.23942548,2.1247617119745903,-4.2545295,4.135616,3.143721005929915,2.693103972128046,2.2277823721628116,0.2211423836229241,8.953354483049587,lob_forehand,2026-05-17 11:57:53.528,3
1779011877364,9.24485617147059,8.594977,10.654991534508218,-4.3957033,43.455177,-4.262284344705883,-4.993375,4.8003418868761925,-12.787065,5.438934,-2.8559975515294114,-2.6266422,5.7644827474593106,-21.522177,16.837818,13.539667340459108,11.899667169891561,9.840697294564677,2.2039392561410645,47.948817905151245,-0.4126406961882353,-0.8013696,2.1957057551586523,-2.891482,8.941703,-0.3621878954901961,0.1982784,2.1881920183959074,-7.5175343,2.028725,-0.1927926450980392,-0.7459742,2.473294220872533,-4.0836825,5.0796022,3.289136487277241,3.1037981866408617,2.2443482384030173,0.35664457942721367,10.968144057434142,lob_forehand,2026-05-17 11:57:57.364,3
1779011882858,9.940249571568627,7.134933,11.00703255347748,-2.8769698,39.881126,-3.4161637815686277,-3.8615115,4.621662422502004,-13.697347,9.495677,-2.0503887364705884,-0.56173974,5.393693385551688,-16.697683,4.8664145,13.398479145591192,10.300074161759554,10.270020269856653,2.542419076977606,41.54843579632688,-0.18303263813725493,-0.70083225,1.9601451349520738,-2.7575212,5.9089355,-0.7510865601568628,-0.37591666,2.0156799061539576,-6.686203,1.9907737,-0.2511985860784314,-0.3779141,2.5310380798176046,-4.271175,4.669729,3.271589857932264,2.7841201827800415,2.0168959676200666,0.9278800578003095,8.604050463147395,lob_forehand,2026-05-17 11:58:02.858,3
1779011888877,8.666700449019608,7.302616,13.112523849741297,-8.532695,40.168583,-2.513232740784314,-1.6744395,5.1928455014308605,-14.322566,7.1505036,-4.02236073,-2.3966763,6.074230553711704,-22.05517,6.234233,14.340237035824165,9.483599355214585,11.207342525060973,3.9279162434580757,46.58917691979171,0.0967801454509804,-0.029295666,2.0597620629230207,-3.2479572,6.4852614,-0.6558626022941177,-0.22437817,2.157884950966217,-7.471327,2.1146145,0.48895562039215684,0.01318305,2.2079012955980044,-2.2756073,5.6245017,2.8538889276962642,2.008305682919134,2.4816348321275106,0.20783382218244978,9.8467009734153,lob_forehand,2026-05-17 11:58:08.877,3
1779011951270,9.849973027254903,9.29805,9.448264238752014,-3.808811,36.793354,-4.104957762156863,-4.3992963,4.6476506161799085,-12.412172,6.974436,-3.8331179249019605,-2.875772,4.536615281202202,-19.858517,3.8243816,13.318750351083596,11.923608608314723,9.036099110956032,1.5526092390607187,40.147824577660835,-0.16586776474509804,-0.19308507,1.981776956319023,-4.599819,3.8290768,-0.599422734372549,-0.16898273,1.7784932249448724,-5.7018685,1.6984828,-0.22842001551960783,-1.1973938,2.7036260891986528,-3.4496977,6.386588,3.293677498503908,3.1753101139618245,1.9448829616598484,0.8021514438541558,9.003832082394295,lob_forehand,2026-05-17 11:59:11.270,3
1779011953242,8.536099903921569,8.511135,9.986359266005936,-3.9106188,37.08201,-4.381471169745098,-4.1142344,5.275104713747323,-15.59217,12.051653,-2.3505515683137252,-1.121084,4.598854191787661,-16.430588,5.458098,12.527033243620037,10.093945562843487,9.390292829141922,3.3183845033396144,43.052494379837924,-0.24342034988235295,-0.33623433,1.592597013791235,-3.0797734,4.723926,-0.5344265674705883,0.012117753,1.7608510479984962,-6.6005797,1.3012602,0.21414556582352942,-0.33769912,2.767092952988786,-3.7565033,7.1826315,2.8795198301842415,2.249241247143455,2.287976387033105,0.5041164555579558,10.036481604933927,lob_forehand,2026-05-17 11:59:13.242,3
1779011958050,8.513202070588235,8.342254,11.763633865042554,-8.793801,40.04881,-3.271002455607843,-3.932178,5.913346141416933,-12.1666355,15.583786,-2.6940443859490197,-0.7988921,6.635151870558639,-22.63248,16.207808,14.263190708638925,11.262667887748256,10.104908896992526,3.285356294391535,44.40384708880222,-0.5300766100980393,-0.9979169,2.2195964255643243,-3.0624623,7.3803773,-0.5194601826470588,0.13196366,2.0074595719871193,-6.4957814,1.6461501,0.23243840101372545,-0.20200694,2.309295111176539,-3.3462307,5.5407424,3.2359646822833867,2.6186560625745874,2.0555763232820685,0.700198440954717,10.353963540478683,lob_forehand,2026-05-17 11:59:18.050,3
1779011962869,9.494173862745097,8.477598,12.649373903792357,-5.701239,48.823444,-3.5755335711764706,-3.9717035,5.776485737380373,-12.202568,24.378784,-3.1427269609803923,-3.0218961,6.546912906238034,-22.158176,5.6305723,14.833134182174515,11.175056705301289,11.263690771158437,3.8642902532703465,54.56714429048386,-0.34082452703921573,-0.73585385,2.298434693088852,-3.7411897,7.841651,-1.0179225568137256,-0.34675416,2.2158052401540345,-7.911561,1.6653254,0.26450174215686273,-0.17417605,1.983146093322671,-2.09211,4.474913,3.144799027825812,2.242200806619947,2.298834883797196,0.5956177116036167,10.150822035226652,lob_forehand,2026-05-17 11:59:22.869,3
1779011991089,7.37062916027451,5.2628665,8.326964830441723,-3.421941,29.689562,-5.923008574313726,-6.04499,4.9826841242006825,-24.042221,3.8147995,2.5545195962745098,3.0937605,5.6123272845943735,-13.608713,13.994386,12.39022568464012,10.34282169033532,8.180959981097411,2.402155956717583,34.26633293616464,-0.25308635674509805,-0.042878203,1.4433628193942856,-2.685081,4.3990107,0.2891210833333333,-0.6484995,2.7039101494522404,-2.7415416,6.929091,-0.22413533735294117,0.23236789,1.2441375496852252,-4.185951,1.3615826,2.869625411565019,2.5179189829176267,1.65671286765008,0.7792176936524291,7.36628422095752,lob_backhand,2026-05-17 11:59:51.089,3
1779011996116,8.238027350980392,7.2044015,10.097711388251579,-11.997754,33.22529,-6.6426385925490194,-6.0282216,7.531240284729589,-33.53191,20.229816,0.010192521764705895,2.0098064,8.048490088509315,-23.498447,13.703335,15.093088125877053,11.186349458813963,10.263228330632538,5.136858706049686,46.19132064374266,-0.2761338365098039,-0.41906118,2.140686562378903,-4.6846433,9.039178,0.31728354119607843,-0.869016,3.1515115593442338,-3.7238786,7.8051643,-0.23055323562156863,0.14301611,1.5752565444951452,-4.906758,2.7684405,3.4018819985931517,2.90839590296872,2.3294666984855907,0.3869583490714157,12.37522115660853,lob_backhand,2026-05-17 11:59:56.116,3
1779012001668,7.073073074509804,5.3107758,7.886735152809646,-3.1213086,32.94262,-7.247943003137254,-7.409215,5.546502317090018,-21.093386,2.9548228,1.447996347254902,2.3811057,5.275861999375978,-21.617996,12.1402855,12.193962666981827,9.646451468568104,8.711102554805946,1.515545864835671,38.221970243382216,-0.004185492274509788,-0.1539354,1.9224854340104802,-2.898673,8.069224,0.24969463270588235,-0.5156037,2.7111314857799638,-2.8849573,8.353127,-0.21980365235294116,0.17404288,1.3398996476620315,-3.6893897,1.4603889,3.014412095589849,2.6240924571257156,1.919894137785136,0.960044244327511,9.46292091171967,lob_backhand,2026-05-17 12:00:01.668,3
1779012007067,4.863455521894117,4.0435677,9.907513780769829,-7.4355655,27.630648,-6.909898801568628,-7.5673165,5.57995320871494,-24.18595,1.3007449,1.0442642038039216,0.20960437,6.313905134651564,-29.973425,9.520829,13.015472451483427,10.486192707674887,8.385089632402474,0.42982988848666737,37.785685020454146,0.3800133520980392,-0.033823177,1.454717897036547,-1.5773053,6.348504,0.19602505813725488,-0.5982974,2.564407315766841,-2.5409994,7.9230127,0.4558609150980392,0.58125263,1.0968024235717504,-2.6605792,2.8697767,2.5799156082099075,2.299252154420191,1.8720947649842978,0.3885538992908362,8.468292030319061,lob_backhand,2026-05-17 12:00:07.067,3
1779012012225,6.117817455294118,4.9574428,8.566657057871934,-4.920313,33.88165,-6.61532530654902,-6.94569,5.244666705591797,-21.665905,1.4887899,2.0619668719607844,1.7199535,6.586847654827579,-28.695438,16.933638,12.08054278571813,10.030072728756325,9.086977770047078,1.6078377519785088,41.695421881873706,-0.049630293333333346,-0.5301184,1.5234115003741615,-2.2142196,6.7848763,0.21094971296078432,-0.86408895,2.7895227621827567,-3.0372946,7.6927757,-0.26367666056862743,0.11385361,1.1500754961663178,-2.6042516,1.3381461,2.799967593376446,2.375037087838032,1.8833737515349407,0.7553812428374105,8.152578407601982,lob_backhand,2026-05-17 12:00:12.225,3
1779012017820,7.250338447058823,5.889284,10.394154818153668,-6.618707,40.03204,-7.716282575294118,-8.628513,6.3921455285195945,-27.918104,8.739903,1.1281060476274511,1.1677958,7.630376785435966,-22.395329,20.069319,14.572219823015297,11.364777496814343,10.304014505696449,5.620777557947979,51.44079379304664,0.13945469843137254,-0.12836827,2.032264226556515,-2.8154466,8.305322,0.15447066033333332,-0.99485415,3.0716104169184857,-2.9464781,8.89696,0.004255973078431355,0.16418889,1.3852565366870893,-3.6652873,2.0942407,3.233187214829384,2.6688273317768223,2.205776054858391,0.4673474755603853,11.000552472619637,lob_backhand,2026-05-17 12:00:17.820,3
1779012023746,6.873802103137255,4.804132,8.923613018583517,-4.069918,33.300743,-7.404541669607843,-7.441554,5.700828124116611,-20.034584,2.3631396,1.3671371761862745,1.1186885,4.9767361647994175,-20.995173,13.324849,12.304243387675736,10.059181546220993,9.407459056178991,3.0513117607399494,39.27434342843568,-0.16066140556862743,0.20533599,1.7487583497084729,-4.420716,6.37487,0.3016461394117647,-0.36166832,2.781744403372946,-2.8351545,7.839121,0.02612588288235294,0.5496932,1.1136393682333545,-3.2112045,1.2356113,2.8087444692023356,2.2780688691098474,2.0271799806570785,0.7335912884213303,8.81865772116969,lob_backhand,2026-05-17 12:00:23.746,3
1779012027714,6.237732272745098,4.332223,8.579933095739479,-5.067635,30.359097,-8.07349073980392,-7.336153,6.39043727624826,-27.654602,0.08743497,1.4068974115686275,1.3187109,4.9935403869562975,-20.246584,12.760715,12.296635534461592,9.91176114499985,9.661692968960553,2.4258012770462956,40.212414065800964,-0.20811149703921564,-0.21132828,2.0540483424229863,-7.756294,5.714519,0.17448679494117644,-0.8064298,2.8847357722943467,-2.9796355,8.082408,-0.16940049158823528,-0.012783563,1.2887261522198363,-3.1379652,1.7088695,3.0629604222509106,2.542414403056314,2.176412345987291,0.5224849572198836,9.747615701149433,lob_backhand,2026-05-17 12:00:27.714,3
1779012035562,8.513108001764707,6.18273,8.289942937346222,-0.11498297,36.372948,-8.066116422352941,-7.7409887,4.547447268448918,-18.5961,-0.93184114,0.41087151227450974,-0.4850844,6.243595336271557,-34.19426,10.180784,13.16259733614028,10.262374691762812,9.59812501569361,1.4144286193012754,42.11818201294098,-0.11929758196078435,-0.41986015,1.9467668830120413,-3.3150709,9.166481,0.1335642234117647,-1.0083035,2.9049714433161915,-2.5672324,8.7883005,-0.0908844360392157,0.32598087,1.6022251868055266,-3.4302561,2.848471,3.2121360453732155,2.5952786684492515,2.0767401186729773,0.9353245348583221,9.861166060176263,lob_backhand,2026-05-17 12:00:35.562,3
1779012051589,9.08372513137255,6.514504,8.41906087084051,-4.060336,34.3847,-8.901058048039216,-8.743497,5.740427091603986,-23.511621,2.6985066,0.0228275031372549,-2.282891,8.220625473355021,-29.793764,17.412733,15.778088884551854,12.615686957967856,9.080914478990831,3.924655496705652,46.91574714131136,0.11666828941176469,0.53091735,1.8179235299130792,-3.4004278,4.322043,-0.06011615607843134,-1.209911,3.1823842309364303,-3.6375895,7.932068,-0.16716545309137254,0.19747943,1.4947537836268636,-2.8360868,2.0433726,3.5270545331363525,3.1483150175156807,1.7389253576781516,1.6093833892639826,8.70737612354285,lob_backhand,2026-05-17 12:00:51.589,3
1779012054890,7.326876391960784,5.6653066,8.847602631388547,-3.6818504,32.112587,-6.61847239717647,-7.175656,5.060738060246492,-20.205862,3.3045626,2.482631666666667,1.6109593,5.894614726643787,-17.98645,19.779467,12.22717394614965,9.71873161954025,9.584755399461434,3.146371656113447,41.01096245035657,-0.12958502392156865,-0.092814,1.586538258964828,-2.6069148,5.1278067,0.17367471678431376,-0.7618205,2.6453393284809326,-2.2821324,7.713682,-0.11536539151764703,0.39322773,1.1774875035583745,-4.1633134,1.6385598,2.7259372679207536,2.2468560775986632,1.839435133134835,0.5156854742016317,8.802975148943073,lob_backhand,2026-05-17 12:00:54.890,3
1779012061849,8.884806417647058,6.3324475,9.064986001512336,1.1043156,39.961372,-7.304683037254901,-6.858255,3.617330010011103,-19.5495,-3.2961786,1.6439323766666667,0.42759293,4.8389386669861745,-10.79762,11.517461,12.927838431555651,10.858152779059377,9.268413848241368,3.7466977629391587,43.696959063431095,0.2939671236882353,-0.22171493,1.5084140880488754,-1.9697341,4.7120748,-0.03628798196078433,-1.1073762,2.62264010083738,-2.4693582,8.646216,-0.14034765103921568,-0.49709418,1.0574995927295125,-2.004223,2.0297902,2.698066610498204,2.453974739469764,1.7193848941982743,0.5561437789103341,9.793028464201521,lob_backhand,2026-05-17 12:01:01.849,3
1779012067905,6.52030484117647,5.466482,9.791561471037797,-7.606842,33.34147,-6.747569881568627,-6.809148,6.361712425652866,-23.656548,5.641352,-0.48905338775686275,0.46831605,6.258557815466042,-25.227982,14.483064,13.028620500054691,10.156099981992346,9.613774933901073,3.5634658434810444,41.91356177909362,0.5009898193,0.6433062,1.9241352932603306,-3.0994813,9.379007,0.3623811162352941,-0.7785989,3.2663376034426905,-2.4993198,8.844361,0.013814914372549017,0.32438293,1.2024316314122412,-3.701108,1.9123411,3.1697497193388346,2.3285668655136895,2.441104668901414,0.8723886409125713,12.081601781678168,lob_backhand,2026-05-17 12:01:07.905,3
1779012073432,7.177887108627451,5.723996,10.243185363938704,-14.657933,35.36924,-7.760974657843137,-7.685893,6.926060325067448,-27.127596,4.685556,-0.21859916672549026,0.5976719,7.402243613526201,-29.381742,13.26616,14.471374345757754,10.609440344680314,10.397879961197964,2.9424358084970925,42.073620752032994,0.32600435437254904,0.4911019,2.0524880676559674,-3.0684547,7.501022,0.19064640280392153,-1.0836734,3.235211224679547,-2.822238,8.800951,0.06630690764705882,0.49056923,1.3959137026812918,-3.8216195,2.1087554,3.4715094626667673,2.896180805044735,2.1178834762603382,1.077552605444769,9.554353985176991,lob_backhand,2026-05-17 12:01:13.432,3
1779012083272,6.2604657654901965,5.774301,8.016780996120623,-7.67152,30.602238,-7.796296293137255,-7.640379,6.484582625941509,-25.413631,4.7682,0.1884912909019608,1.0360445,5.86835764375312,-30.024927,10.774862,12.949728770076614,10.576828926210581,8.46866261411236,3.862149091435806,40.49932631374923,0.21625005784313728,0.5921719,1.816342573348556,-2.7326198,5.8403573,0.1584080707843137,-0.90816563,3.0424410705506615,-3.3996289,7.312864,-0.14513365243137255,0.22025014,1.4870117998463204,-3.8467872,2.0672088,3.280992645825775,2.825591068524381,1.9701067252096685,0.7744051182261841,8.765689604169625,lob_backhand,2026-05-17 12:01:23.272,3
1779012103930,7.436387356666667,5.4748664,9.872297894592865,-7.8475876,35.901035,-7.575559940980392,-7.663136,5.734582747403699,-22.451622,2.3990717,1.385831342352941,1.5726317,5.5181497834392985,-20.62507,11.225212,13.358396436622243,10.249749290097636,9.781803274341799,2.327933156731065,43.63167465545376,-0.054565132843137264,-0.007856565,1.73064489832181,-3.2896369,8.231017,0.32872765654901953,-0.8479764,2.9876720642442343,-2.6067817,8.624511,-0.0024883031764705867,0.17630665,0.7358215716888165,-1.4506681,1.3543919,2.7918231971645047,2.396567170035933,2.15077975146484,0.2930859749427217,10.288062803122942,lob_backhand,2026-05-17 12:01:43.930,3
1779012108163,7.063326836568628,5.6533294,7.60711382921573,-2.72845,29.338623,-7.415767388431373,-7.4355655,6.147325256791209,-22.521091,10.653891,0.913475853882353,0.8575813,7.003030574046592,-37.58865,10.318523,12.678020969785793,10.199782386377109,9.41203317657596,1.9090176269291594,43.50623634939504,-0.14266624078431372,-0.43384218,1.918138040156594,-3.6174822,7.7376513,0.3932590631372549,-0.87940264,2.8709256577916786,-1.9059494,8.604004,-0.16667719930588237,0.07963095,1.0019688539787281,-2.5087743,1.4048604,2.7272050337694242,1.8568832294020161,2.3549633552026026,0.3059256998485696,10.417733434583347,lob_backhand,2026-05-17 12:01:48.163,3
1779012112659,7.473869587960784,5.8641315,8.765083789814456,-2.2864842,32.881535,-6.92065491922353,-7.066662,5.218273991600054,-23.51282,0.532994,2.204169007411765,1.7259423,3.8759900379889323,-12.098365,10.228693,11.980881866885316,9.98193901439407,9.135251410822482,1.5596616222607143,39.931290312480684,-0.18742698509803923,-0.6656774,2.0222704035942867,-4.164778,7.3348355,0.29990720654901964,-0.76088834,2.57361464049634,-2.5987918,8.325029,-0.0772131378235294,0.14527987,1.0509241704511256,-2.3921242,2.3596327,2.7183435762601222,1.990185881464978,2.1009492278388286,0.35951429974323895,10.042735807298454,lob_backhand,2026-05-17 12:01:52.659,3
1779012122149,8.034129839019608,5.6521316,9.281700483342215,-2.7763596,34.32242,-7.890283639607843,-7.240334,5.550095688819704,-23.33795,0.698282,0.6132894564313727,-0.9006999,5.633977060155296,-14.901074,12.478047,13.237903298462735,10.106127816564243,9.9835784717468,1.5079765615251146,39.748122436188076,0.267099702627451,0.27071857,1.9068905012518615,-3.1060064,4.8484325,0.16204786398039214,-1.140933,3.219227376209747,-2.8134491,9.093374,0.023102324294117654,0.32012174,1.3039824148014127,-3.108137,2.1994386,3.404118250875474,2.9970256574587077,1.9950797284015838,0.7596558953793668,9.368683724216496,lob_backhand,2026-05-17 12:02:02.149,3
1779012126176,5.681722847843137,5.044878,8.768594597884348,-4.1549573,34.058914,-6.601868463431372,-6.5061197,6.17211997761114,-26.429316,8.102706,1.1099755435294116,0.25272298,6.595458439460567,-31.05139,12.692443,12.378056146796899,10.091054479616663,8.991298571290839,3.7510313771188084,43.53212367027403,0.3745484812941176,-0.015313643,1.7963614091285625,-2.692671,9.8512,0.33455285164705884,-0.8684833,2.7346385040227212,-1.8673323,8.823189,0.43077945745098034,0.49163455,0.7599787921969489,-0.81881386,2.2738764,2.53953854059946,1.7583354738885077,2.269587514060403,0.767938419172602,11.26985182693926,lob_backhand,2026-05-17 12:02:06.176,3
1779012172065,11.253958315882352,7.524198,14.644602142631978,-2.8146873,67.392,-5.77596847862745,-5.8605385,5.63125956297184,-16.622225,5.2640643,-3.8004971956666664,-1.3809934,6.325492848130579,-23.923645,3.4542801,16.152175696598913,11.644822349545683,14.072064261234841,1.6325660633895709,67.73073402912978,0.13440496745098038,-0.6042897,3.026606444406674,-3.3230605,11.407998,-0.41253364568627454,0.60615396,2.5993547735726152,-8.677909,1.7002139,-0.28226713680392157,-0.8417177,2.364574431012103,-3.2776523,6.422409,3.597823539492898,2.8171086328499633,2.9288675374092508,0.7348229243293942,13.06058159987601,service,2026-05-17 12:02:52.065,3
1779012174880,11.29832149490196,8.908785,15.470721630490216,-2.8721788,65.99424,-5.011153228431373,-5.471273,6.4073260642582115,-16.994722,9.20822,-2.327442247647059,0.29105064,6.59117005628443,-23.795486,12.961934,16.343056946772418,11.182084631597354,14.585865903366944,2.108835639195917,68.24540292384457,0.046329961078431355,-0.70988727,3.5965181503386114,-3.2868404,13.565225,-0.47204402658823524,0.5566177,2.8314809119972195,-10.267598,1.8791838,-0.20126801705882355,-0.99911535,2.3744301787756763,-2.9864268,6.3801966,3.890098356785336,3.034561554352636,3.3801499322529316,0.5509432993762823,14.269523917811158,service,2026-05-17 12:02:54.880,3
1779012178679,10.875707434117647,7.477486,15.18049551401675,-5.375454,63.799976,-4.752746887843138,-5.502414,5.423673710957188,-14.262679,9.716061,-2.094634701372549,0.04431635,6.792451578145272,-21.265862,16.264101,15.94605056230581,11.607527159500906,13.957122619216475,0.8100552698739601,66.04523093087357,-0.3953139244705882,-1.4036618,3.6341678278517655,-3.5859227,13.307157,-0.6344783043529412,0.05512912,2.644057755242061,-9.558909,2.5575116,-0.21742501024313726,-1.0491843,2.284498532294836,-3.0041373,4.9919815,4.045783256154954,3.289197022328562,3.0560845866751682,0.8196058880575665,14.35205478906459,service,2026-05-17 12:02:58.679,3
1779012191279,11.026505214313724,8.079949,13.834317695004719,-2.742823,56.207508,-4.118438240588236,-3.996856,6.676238895888383,-16.001797,12.867313,-1.7068254637058822,-0.51981884,5.697043961689379,-19.054834,19.135082,15.738905505432943,11.309413945276175,12.650580554618765,1.9723398070958114,57.57254670863075,0.3096828416078431,-0.47325817,2.5956692483174217,-2.230199,10.175982,-0.5331654329803922,0.6816569,3.0050480729698195,-11.890578,1.7075378,-0.48671273470588233,-1.2032529,2.254583820440079,-3.4172063,5.927845,3.4784333132132716,2.5077265176770256,3.0230567279054372,0.913815980465491,12.966444811950764,service,2026-05-17 12:03:11.279,3
1779012193701,11.837844287284314,9.378299,15.578465149639595,-4.364562,69.41857,-2.2935767756862746,-1.9271625,4.663541177027694,-12.760715,5.6389565,-1.1537517221568627,0.7725418,6.697028132454358,-19.212936,14.038702,15.636408328784604,10.899341809894516,14.476217963655532,3.0112456558062344,70.70113755070615,0.4224685428431373,-0.8311979,3.7140496782259307,-2.976839,12.757463,-0.8519007237254902,0.14847577,2.9331582966936214,-10.737527,1.8211251,-0.20267795588235293,-0.7648832,2.15189467979336,-3.527997,5.7580633,3.8770722281334553,2.8528212035568594,3.558104720102676,0.5901309030018391,15.454337279112499,service,2026-05-17 12:03:13.701,3
1779012196636,11.933499136470589,7.3613057,14.690841255919365,-2.0637047,68.70472,-3.9055929325490197,-3.996856,5.6402964351542035,-14.404013,9.99753,-1.8556973517647057,0.2623049,8.158259645417711,-25.081858,19.016506,16.22640835126705,11.415505758695636,14.489875446282113,2.6687837840385593,71.39464706352138,-0.009927106745098056,-1.0101678,5.0701279288828145,-3.9637036,23.310694,-0.374355290372549,0.53970605,2.7301595821054847,-9.615104,3.1366336,-0.365120087627451,-0.45927614,2.362921742200136,-4.316317,5.072944,4.388814062268485,3.473327250426464,4.401757517127201,0.8558420554990489,24.02721333390203,service,2026-05-17 12:03:16.636,3
1779012217706,12.418419041843137,8.919564,13.46071931095105,-0.43118614,59.933674,-3.4353276073725487,-3.100947,6.946427108314858,-16.175468,13.217052,-2.5866471369803925,-1.3127222,5.436683875854208,-18.524235,14.447131,16.067516465173522,11.865306543049217,13.108642040011551,1.562991496495911,62.963939831670224,0.08770685274509801,-0.92600936,3.129277585771711,-2.6773574,11.616131,-0.5112407149803921,0.28177103,2.645664371846471,-10.710495,2.042707,-0.4627461794117647,-1.4951442,2.380663618202208,-3.7483804,4.9082227,3.7342062262223963,2.7529521506993926,2.9545139763626618,1.0432774998058698,13.24539528081309,service,2026-05-17 12:03:37.706,3
1779012219999,12.11691758,8.132649,16.417108892111738,-2.605083,77.129616,-3.0993734523529413,-3.4159524,6.388467038477121,-16.086836,12.097167,-2.3331961930862746,-0.25392073,6.3275188843549754,-22.189318,11.214433,16.372608025703254,11.315032785393063,15.558114777369402,2.0771478814203816,77.85878982322578,0.16967202921568628,-1.0148284,3.9998333710007574,-3.465544,15.790364,-0.4704957005294117,0.63438433,2.7690034989605627,-9.854929,2.9781706,-0.27137917588235294,-1.2553192,2.322961785501801,-3.3896418,5.5485992,3.884753646584534,2.25755670303912,3.7415690833362594,0.7420812816991759,17.006842212169673,service,2026-05-17 12:03:39.999,3
1779012223009,12.843381728039216,8.695587,16.003098669224993,-1.6049706,81.45226,-3.059683647098039,-2.9129019,6.378415322356049,-16.750383,9.451361,-2.0160535401960784,0.29105064,7.097064727979328,-24.445858,5.034098,16.72842832508751,11.852586288526775,15.609635427964971,2.1773005536627603,82.00519806286135,-0.2323861723137255,-0.6257288,3.374096408701399,-5.132601,12.659456,-0.9054449650196079,0.04793836,2.616882329581673,-9.862386,2.0372472,-0.0891403103137255,-0.33130735,2.921642090972706,-4.782784,6.361021,4.084420212723042,3.1614024265165863,3.263720189781564,0.6093650596710997,14.19068422705322,service,2026-05-17 12:03:43.009,3
1779012237351,12.215202638627451,8.738706,14.089050230202771,-0.87434965,63.583187,-3.012314252156863,-2.888947,5.246978885693546,-14.660329,6.164764,-1.374981214117647,0.4395703,6.340860213978416,-22.312685,13.667403,15.646549990536398,11.658537297699405,13.412945860115567,1.3280535296744096,63.702997416072336,0.35616687413725495,-0.3863033,3.1156478060037984,-2.6009226,12.634954,-0.8364643555490197,-0.17870356,2.715569245470634,-10.526465,2.4832072,-0.23575700333333338,-0.31466207,2.2468138821886403,-3.339839,5.258838,3.492030377791631,2.7571755025905516,3.254433824499504,0.29189794800974583,14.42111729469642,service,2026-05-17 12:03:57.351,3
1779012240111,12.04430151754902,8.192536,15.100190659466703,-1.9175806,71.688286,-2.589465372058824,-2.783546,5.609016432213321,-15.085526,11.239585,-0.9850818596078431,-0.11498297,7.040679144766559,-21.16046,20.464573,15.940941636846228,11.143136368299992,14.340426353053164,3.024639139617672,73.22325339883167,0.3009202893137255,-0.77846575,3.567835783686573,-2.4029105,14.05393,-0.6315043460784313,0.19135396,2.464099591973642,-9.784752,2.0850525,-0.021016115215686294,-0.54250246,2.6141890881435805,-3.4663432,6.716697,3.735095943172189,2.684253545781698,3.450340753282597,0.39013680551815283,15.16731090663823,service,2026-05-17 12:04:00.111,3
1779012242932,12.949275864313726,9.227384,15.878562163405187,-3.1488566,70.98162,-1.100205696254902,-2.0181906,4.935050155405443,-11.619268,8.809372,-1.393980658627451,0.6096493,7.461128923946283,-22.216866,17.289366,16.391842322787017,10.299062255963985,15.242692815425924,3.2248251395735816,72.75499487624072,0.1314597333,-1.4019308,4.1823093994170835,-3.517211,15.424701,-0.8845672393921569,0.016378941,2.8620508371612687,-10.970028,3.292167,-0.03366915466666665,-0.40747607,2.5364752473382253,-4.5580063,6.004679,4.167714720903491,2.8824851441188124,3.900820764470664,0.508930793214357,16.463070240619764,service,2026-05-17 12:04:02.932,3
1779012261350,13.182459415490197,9.438186,16.513602775917786,-0.39405623,88.54527,-3.699793074509804,-3.6674776,6.971267043576608,-17.679829,13.938092,-3.014146105882353,-0.28146872,8.582314186167602,-28.839167,20.712505,17.781725493167734,12.100809882838973,16.520351034333117,3.4306703378893606,90.14454164771601,0.19333049966078425,-1.0257478,4.069519924803987,-3.703771,18.499014,-0.26595085126274504,0.6001617,2.7296252707794837,-10.891862,3.2666,-0.4607252685490196,-1.1542492,2.2097830996935546,-3.047415,4.848965,3.850171494739947,2.537632346761803,3.7551927689447613,1.1857313015995257,19.13759319968775,service,2026-05-17 12:04:21.350,3
1779012263295,13.987058183333334,8.769847,17.13525587111186,0.36171725,79.79339,-3.0516753647058823,-2.6565857,7.173132210256493,-16.94921,11.770184,-2.5226737892352946,0.21199985,7.536746295621471,-26.661676,10.584422,17.83020477579531,11.196616312215228,17.12131794143122,1.549108487388669,81.25762926573786,-0.005297783411764704,-0.8166833,3.3089955260301798,-2.8342226,12.629894,-0.8026150701960785,0.38723543,3.009890176181925,-12.0667515,1.6529413,-0.3447828213333334,-0.692443,2.4727446467700207,-3.8249485,5.7351594,3.7834233467796485,2.8952253706741122,3.5072973045131315,0.497436529754928,13.633102421269221,service,2026-05-17 12:04:23.295,3
1779012266198,13.53100144162745,9.254931,17.672052318434552,-3.5776472,78.187225,-2.07300487027451,-2.8925405,6.530196845687888,-13.1392,13.884193,-2.770112692156863,1.4935808,8.731049169147452,-32.014374,9.38788,17.857657368456856,10.990360111016042,17.460307252835346,1.8947107782835835,79.96339949849727,-0.2318952829411765,-1.3228325,3.804379554818126,-3.176449,13.850059,-0.8159574002352941,0.06511628,2.6726160020971865,-10.801179,2.2746754,-0.12067621186274509,-0.35927138,2.9744787092321463,-5.2095685,6.90126,4.241523910001495,3.615209166184016,3.5863874923254766,0.44041773140043966,15.097099555813822,service,2026-05-17 12:04:26.198,3
1779012301681,12.601320745490195,8.252423,15.942906018875043,-0.34614664,77.50451,-3.7718923511764704,-3.092563,7.156144204512447,-17.93375,15.550249,-2.117814451666667,-0.5665307,6.794811764876976,-21.947374,13.496126,17.105042366489293,11.940114356737185,15.302865798832809,2.2465147970362493,77.53861422632353,0.21154238,-0.92294663,3.533111415351277,-3.2358394,13.883349,-0.4199489083529412,0.278442,2.585413568918444,-9.793807,3.0109286,-0.23929230784313724,-1.183678,2.3482645317789896,-3.2137346,6.0399675,3.6774780268797738,2.458106193253528,3.3423344850729686,0.6577429629603622,14.485879200857168,service,2026-05-17 12:05:01.681,3
1779012304192,13.054771029411766,7.9410114,15.650676844215363,1.0216717,77.21466,-3.242538546470588,-3.3369017,7.67944520727742,-16.331175,16.139536,-2.078993526078431,0.29464385,9.186270671191737,-30.863346,17.879852,17.732305737638352,11.035965696025672,16.017189403432333,3.2030231653381094,79.8437171957219,-0.09151106149019611,-1.3682407,3.6447716635857983,-3.442374,11.609074,-0.527771071157647,0.08602273,2.3480032702979887,-8.795757,3.083502,-0.11169427392156862,-0.79604316,2.5675460362409246,-3.2488894,6.456099,3.9833607844537,3.3081638461158493,3.0839335459517168,0.7023844637309571,12.527965781831949,service,2026-05-17 12:05:04.192,3
1779012307124,12.442491378627452,7.133735,17.57457201291602,-2.1858742,80.4246,-3.2623834629411763,-4.0591383,6.822319944117509,-15.53947,15.475989,-3.153670936941176,-0.4755025,9.867227917510077,-35.80881,7.9985027,18.13508759583917,12.324585307546336,17.21119557108476,3.080705615410443,82.1041392553669,-0.09797859509803925,-1.5456127,5.109902040506043,-4.842041,22.679373,-0.18870117041960788,0.16085984,2.7961278717197886,-10.556693,4.9166117,-0.29662513935294116,-0.43437484,2.4324336297521194,-3.4122791,6.4253383,4.462640591525661,3.4577291573655087,4.434924726522815,0.4203815818201784,23.45086813875357,service,2026-05-17 12:05:07.124,3
1779012320412,12.329739335490197,8.016469,14.517237434502624,-1.1019201,63.202305,-3.6655048578000002,-3.197964,6.403356149913678,-14.85556,15.225661,-2.3850981480392157,-0.14732192,7.116197737200445,-24.401543,4.4579854,16.52140014594306,12.416958797587904,14.090694086919308,2.315939034229045,65.1383466345781,0.05444503618235294,-1.3894135,3.222415637606567,-2.8320918,11.031416,-0.8104716474313726,0.018509535,2.6195495319613684,-9.565035,1.8564131,-0.23907819913725495,-0.6034907,2.809133627050334,-3.8125646,6.755847,3.9218724748853697,3.0190504234871565,3.190588553918454,0.23266307746778953,13.046549399816564,service,2026-05-17 12:05:20.412,3
1779012323470,11.842447500588236,8.323091,19.48566720767254,-5.489239,100.23401,-2.2538164901960784,-3.3644495,6.2006874931186555,-15.775424,15.903582,-3.084507347254902,-0.7378074,10.277864175311953,-37.7731,8.47161,17.07682854211212,9.88454162335036,19.602499720642044,3.697330446568362,102.91104185508655,0.26150165627450983,-1.1587768,4.2512406219630865,-2.5664334,18.446548,-0.5363639456058823,0.38097683,2.688137788547638,-9.554648,4.244409,0.37575478529411765,-0.22131544,2.2182394571785555,-2.6147714,8.667922,3.6900538839235084,2.1313713338533713,4.10342497726463,0.8176063087944393,19.22018240921237,service,2026-05-17 12:05:23.470,3
1779012364596,8.852115245619608,5.586256,15.066163763841706,-10.277801,72.66085,-10.068830433333332,-8.707564,11.215450288773125,-31.478983,32.821648,-0.9678907188235294,2.6314332,12.75624580564845,-33.3762,18.233185,21.63913363466075,17.76687131460817,14.905433283431499,5.2110235461125844,83.0636179126288,-1.0271290272156863,-0.69550574,3.0054923766327306,-9.311494,6.9863505,-0.15336880960784313,0.81854755,4.227427684370848,-14.3400955,6.713235,0.6550610216862746,0.8888571,2.6320001167244635,-5.952746,8.484025,4.633030240197752,3.6812206888741708,3.6708389597192386,1.1368231880777755,15.890336422116313,smash,2026-05-17 12:06:04.596,3
1779012367623,11.505248459607841,6.0425944,16.97817828942239,-5.552719,74.825165,-5.796330014705882,-6.090504,10.582399677065887,-27.020998,28.81641,-0.9460260408823531,0.1006101,10.870381299918131,-34.51525,22.814537,20.21929350044963,13.250055094325084,16.480749264368036,4.495019725559026,79.13709814140012,-0.9304245982823529,-1.1217576,2.7804394505588776,-9.235592,7.8440475,0.06304050431372546,1.1792837,3.904441759188844,-11.545422,5.032596,0.011945432607843172,0.37485135,3.116752318573475,-11.542625,3.9940646,4.322898893082295,2.853324513701627,3.80994132948428,1.0985128821573413,18.757001909664908,smash,2026-05-17 12:06:07.623,3
1779012371105,16.537350364509802,7.7661414,25.050063796391907,-8.215294,133.68925,-5.23571764745098,-5.5251713,8.77632905390292,-24.677023,18.98776,-4.583419329803921,-1.3534454,12.50480499399397,-44.048058,7.4451475,24.327515581058208,13.887178474863216,24.198713578772026,8.099105048039208,135.2164633778335,-0.4981620785905882,-0.35780662,4.21014872346184,-13.603176,14.852769,-0.10218755352941178,1.590222,5.1464315904147,-22.18028,5.5925426,0.41739536107843134,1.5590621,4.003932382598493,-14.1546,4.424311,5.428158730355551,3.7648060123165665,5.534425240241876,0.7490986259495844,29.012649607699345,smash,2026-05-17 12:06:11.105,3
1779012382804,13.822427813333334,6.7432723,18.823591752458185,-6.536063,66.63862,-6.622535409411765,-7.218775,7.224324355257743,-20.591534,21.783283,-1.792264195098039,2.8446307,11.497183955682264,-36.219635,16.144327,22.06983254879669,14.630154574369953,16.875335245355696,7.009784983781138,68.56653402794598,-1.0118414904509805,-0.6716697,2.5682431173634357,-6.383792,11.037409,-0.5200711707843138,1.2406714,5.318664870752765,-20.93495,5.587083,0.5025407746666667,0.64716786,2.851749758168395,-10.799181,5.8724494,4.772952003850564,2.9711350159654675,4.621432082868964,0.4982150075167317,23.69570617955419,smash,2026-05-17 12:06:22.804,3
1779012384858,15.869763544117648,7.1073847,22.46248756507361,-5.204177,88.75607,-6.998061696078431,-8.2176895,14.594602189343695,-56.80398,48.535988,-5.549548843137255,0.17606768,14.295025237757399,-60.03309,11.216828,25.52155271331704,14.260644192108087,24.40878962944939,6.0100743944160415,102.65910234942844,-1.2192010048039215,-1.1100394,4.6663747659016135,-16.300774,19.219688,-0.5732341758431372,1.1085746,5.593725265992624,-28.578854,4.1962047,0.4710544562745098,-0.06871165,2.9181895361673216,-10.729271,5.289599,5.2821319057426965,3.112938740398291,5.932907363566046,1.1117971022316175,32.90281599787685,smash,2026-05-17 12:06:24.858,3
1779012387513,15.212650885686275,8.603361,18.75165126226617,-4.531048,65.587006,-5.920941853137255,-5.397013,6.890405553623208,-21.52577,17.412733,-3.0152734501960783,0.95220274,10.824325599369722,-35.33331,12.6553135,21.903604528329687,13.66959075067993,17.549659430344995,8.040634338061052,67.29489742714146,-0.7114356006784314,-0.6379797,3.399239667968978,-5.3049126,13.445112,-0.462975981372549,1.2226945,4.499220109511642,-13.078784,4.6988916,0.3014059082941176,0.400019,3.5812808799090496,-17.255014,5.6612544,5.097768595374433,4.336319455901974,4.352465354554297,1.1395773538800487,22.240351837636133,smash,2026-05-17 12:06:27.513,3
1779012404421,13.558009420588236,7.0486956,19.39241209229047,-13.4410305,68.517876,-4.450822607058823,-5.352697,8.213522005424817,-16.119175,24.924953,-2.7427524508431373,1.8433207,12.539624798162244,-37.485645,23.864956,22.355409859707013,13.708149732406964,17.503865817460735,8.880024729854993,76.52842187710088,-0.19531489276470593,0.016378941,2.9808605105901527,-5.19026,14.303475,-0.013373646745098035,1.585295,4.644739275055066,-15.5040655,6.8565173,0.44445078000000005,1.3992676,3.640278813871557,-18.4062,4.0810194,4.85981841305941,3.175779771289238,4.45658512476146,1.339376900434887,21.52542666611643,smash,2026-05-17 12:06:44.421,3
1779012408248,16.900288889411765,9.815474,18.6200039790436,-4.3957033,93.42246,-3.5292679403921565,-3.514167,7.966903154975553,-17.058203,22.697159,-2.0394446656862746,2.1271849,12.16242938182515,-42.524536,30.228544,22.369031549414085,15.296801149957671,18.86794282721723,7.016168016572942,99.4950640923184,-0.7454833063137255,-0.854235,3.178225126735688,-6.0737906,15.173158,-0.3227039712274509,0.9616968,5.246666313458915,-18.260254,6.411756,1.0253378567450981,1.7335044,3.4080228002505306,-11.719066,6.846131,5.220465169169236,3.1774305576347626,4.815635472712823,1.149726843482327,22.333841813107934,smash,2026-05-17 12:06:48.248,3
1779012410073,18.560966228823528,9.682525,21.01184884332331,-3.6471162,94.844185,-3.8184867478431372,-3.2243142,11.348523409670204,-28.764906,36.423252,-2.4352153029411765,1.0348468,10.528888168763496,-46.162067,14.475877,24.108882127017736,13.267883545049601,21.461647040803204,3.722708671864688,102.02022339364792,-0.6414236430784314,-0.27724352,3.4124283879297006,-5.9586053,14.687781,-0.6639776481568628,0.32997572,5.126675041720114,-20.173794,6.943872,0.7265011835882353,1.0844723,3.601240907752952,-12.859732,5.8330336,5.326052781201404,3.575320945679346,4.834244722555616,0.9485060030323587,23.998566402671194,smash,2026-05-17 12:06:50.073,3
1779012428896,13.110806275490196,7.6224127,20.421346038704694,-15.683198,105.84901,-8.028610770588235,-8.481192,7.905303358791711,-25.17648,19.780664,-4.343401883784313,-0.047909573,14.44382053639382,-47.613728,14.570498,23.04311026381006,15.233563340106706,20.170915426312366,5.144949564985754,116.46805615497759,-0.3409889956862745,-0.26978645,3.433339103559035,-7.2442856,13.543386,0.027047557843137317,1.645218,4.881433648319073,-18.557873,6.1403713,1.2279061123529411,1.9219289,3.369454985800921,-10.424197,8.770722,5.330481780833513,3.786718405859512,4.4321976134011,0.8597634689805943,22.010128706838575,smash,2026-05-17 12:07:08.896,3
1779012430898,16.587702511372548,9.920875,19.78164216510252,-12.698432,84.67298,-6.119343702941176,-6.0198374,13.65216124719456,-40.376987,61.73388,-3.9779034778431375,0.21080211,13.641057727911642,-53.2982,10.780851,24.277003474745595,18.157703059837996,22.307025147631492,1.7280874305744285,104.66832033625266,-1.7868267399411766,-1.5133874,3.4767626387098733,-7.6182046,15.879449,-0.7035189563921569,0.41533265,4.376633850385499,-18.169039,6.18578,0.3545272082490196,0.511742,3.9006591403964412,-14.00213,7.3143287,5.02833719310033,2.778467970468884,4.955575792676457,0.5920492948290867,22.149040449405078,smash,2026-05-17 12:07:10.898,3
1779012433997,18.4151475,10.238276,26.628893402741625,-5.8832955,146.8129,-6.941345393000001,-5.3694654,7.114604876745603,-20.941273,19.647715,-5.779162438235294,-1.8576936,13.47814606733766,-59.67257,8.127859,26.014077209334943,15.259552870466488,26.081061238763773,2.601368862394639,147.46599243263879,-1.4728513371764704,-1.6291053,3.0553359014371506,-7.06971,9.914719,-0.6703015232745098,1.0461216,4.770645000197696,-17.9914,3.620678,0.47050092245098035,0.87620676,3.2526369674316977,-12.25198,4.750692,5.27043832155817,4.564688841417041,4.151803652008893,0.8385528974562365,22.47092857585162,smash,2026-05-17 12:07:13.997,3
1779012450489,12.383684801568627,3.0434556,21.31180259488164,-5.0508666,96.00719,-4.5668388509803926,-6.901374,10.138661490599961,-21.279036,25.517836,-3.972290539694118,0.0071864356,11.977949827457293,-39.911068,12.181008,22.261773250292368,13.575699631597551,19.71671786017626,5.412022542558213,98.3679214321259,0.23172036682352945,0.32291815,2.4790488784313065,-6.160479,11.210253,-0.05533017209803921,1.1658343,4.245164511673962,-12.590744,5.601065,0.08540913213725491,0.859162,3.9365833398054675,-18.070898,3.6566317,4.616596165877721,2.814747051487358,4.241450882399834,1.162949147829849,20.2071246989959,smash,2026-05-17 12:07:30.489,3
1779012452970,14.420686850980394,8.361418,20.937918055705456,-7.537373,112.67852,-3.5086480399999997,-4.2879066,9.4072595850909,-21.60482,26.704794,-5.772022968039215,-1.5750271,12.995066705497685,-48.93244,6.5061197,22.693506485492364,14.483222087972768,20.715315435816112,7.663850161527448,117.09987718245432,-0.9586471435294118,-1.3731678,3.6637739863860745,-5.773776,20.244503,-0.17811081274509802,1.5144528,4.582584866734568,-15.724182,4.605545,0.866467616764706,1.1864744,3.6472082560199195,-13.670556,7.7782655,5.1758126055673035,3.8356123011338252,4.704907960151558,0.9995614956247537,22.297813789372206,smash,2026-05-17 12:07:32.970,3
1779012455207,3.552541646972549,2.8051054,6.124543633931865,-12.594229,21.809635,-11.796510492156862,-11.228806,7.553903207030955,-26.563461,7.418797,2.758229201019608,2.8793652,4.608026439729685,-7.0031815,14.544148,15.18572975632888,13.742685271166764,6.569675877338612,5.471364394193599,30.41345182768615,-0.4198940959607843,-0.5479621,1.1336777710482917,-3.483521,1.54255,0.7022865601960784,0.8234745,1.2302200267708217,-3.1637988,2.833024,0.1597370673137255,0.6543586,3.0283700916296414,-6.36475,9.03931,2.923030904597039,2.1731189747807034,1.9908877957160978,0.8437168035206778,9.09178705429534,smash,2026-05-17 12:07:35.207,3
1779012516129,11.952475028431373,6.716922,19.849807650120656,-8.67283,72.24883,-5.182805742549019,-6.1228433,10.726111786736459,-27.118015,52.0789,-2.7779331474078433,1.5810158,13.422193336188805,-51.081184,13.293708,21.98886581321251,12.237116024965935,19.417209784170023,6.569862910180672,90.52748523794945,-0.7363003608431372,-0.4559471,4.448208126106561,-16.57056,15.8207245,-0.15529049686274504,1.9397726,4.894520696048512,-20.831615,5.5067863,0.3171060030392157,0.5711323,1.979416675251678,-7.4351068,4.201265,4.882135256540327,3.3386093041690414,4.9019562384369735,0.8862974057596908,26.78222203954809,smash,2026-05-17 12:08:36.129,3
1779012518760,14.691798636411765,7.639181,25.53306833638296,-10.800015,143.44844,-6.380380514705882,-8.323091,10.128800857059522,-34.766777,22.672007,-2.04991907372549,1.2061235,10.579628108981435,-39.39604,12.607404,22.747213730695847,12.268372169274565,24.589628861546082,2.950169326825501,146.0216573530655,-0.5586386063137255,0.49056923,3.533886565268641,-12.818186,9.888219,-0.1854817689607843,0.7554287,4.270619610570643,-21.501154,4.2690444,0.038630059803921576,1.4394825,3.9254013557739458,-13.897065,3.7534406,4.707765520408807,3.2367647848939995,4.887119490768476,0.6517204499469399,28.14259432137558,smash,2026-05-17 12:08:38.760,3
1779012521534,15.191843241960784,7.8931017,28.588262682181636,-12.640941,164.47356,-7.141250329607843,-6.5336676,11.041223689749724,-43.849236,28.536139,-2.5738477794901957,1.8529027,14.167091696594484,-51.093163,10.453868,25.276449769695986,13.081607887023491,27.971584052721987,7.742821120258177,167.5700931743661,-0.24810193588235296,0.11185618,4.191600554242719,-10.08743,19.354181,-0.15378398058823517,2.1748037,4.9953092933237375,-18.303133,7.302877,-0.11715915913725486,0.7013649,3.3950297106883043,-13.402901,5.5696387,5.574278837537025,3.898782836007389,4.738747681386512,1.9232175645721385,23.71548674879761,smash,2026-05-17 12:08:41.534,3
1779012528477,13.184267716274508,5.90725,19.889007050317215,-9.24535,83.01052,-5.046615669411765,-3.4758394,10.26272383313317,-38.258186,24.866264,-1.8013059468627448,0.98094845,11.472852765781143,-42.04664,23.245724,21.285317510634524,14.587895852697647,19.416104736871013,2.9064511903530854,89.71867810145372,-0.7872648918039217,-0.13249631,2.0554132626084076,-7.7939787,5.3901362,-0.23483530318823526,0.8783373,5.006990735146257,-19.179605,4.8729343,-0.0978402187843137,0.7780663,3.5730916758754256,-14.550891,2.8884194,4.621690299445527,3.719284965516965,4.579589374862004,0.5109051804692527,24.10441740745725,smash,2026-05-17 12:08:48.477,3
1779012530983,15.652127119215686,10.543699,16.337062344129734,-9.645394,54.53786,-5.0002560442862745,-6.7444696,8.006069669615712,-19.97829,24.265,-2.532819281568627,0.44316354,9.201504657740642,-35.674664,9.441779,21.416718239431287,14.065780334653612,15.157508460566953,7.744031158104963,59.053486419709934,-0.837626273137255,-1.16144,3.12040456309017,-5.397194,12.782231,0.03487015823529414,1.7699908,5.382047129954636,-18.531906,6.754515,0.4575868005686275,0.9790079,2.810952763832552,-11.96182,4.628582,5.2085927718759155,4.169295338642843,4.4568203597935785,0.6711412139530044,23.57692895206916,smash,2026-05-17 12:08:50.983,3
1779012757010,10.893509064705881,8.876446,7.004936784426745,3.8339634,38.507317,-4.100566068431372,-4.1130366,6.466469285552691,-30.468092,27.960026,-0.2575139498627451,0.34135568,6.677651310830242,-19.317139,18.083467,13.583311656954406,10.779594594306147,9.248750936555753,6.551456883704409,52.76618189526578,0.06329380196078432,-0.12104437,2.0739369854332126,-3.885937,5.0978456,-1.284638448389804,-0.4298473,3.021753168706815,-11.97194,1.2629095,-0.4793731693392157,0.045541443,1.9613519560315513,-5.9626,3.197755,3.3782797698319427,3.0361748663138184,2.7495202013904785,0.275294805670382,13.27220448129124,forehand,2026-05-17 12:12:37.010,4
1779012768728,9.965402021568627,9.099225,4.68524849499404,2.7068908,24.055395,-4.760379465882353,-5.235318,4.768153001962905,-14.3046,20.308867,-0.09971769119607843,-0.056293745,5.669747070343889,-18.900326,15.953887,12.625192773989564,10.944670922607184,6.218477910455812,3.2320015503160544,33.70830213411,-0.6428701484117647,-1.2601131,1.6105721267286166,-2.8427448,4.2854233,-0.5572912887843137,0.18509534,2.277047529591213,-8.134341,3.7936556,-0.11543589243137255,0.1792362,1.564548311247485,-2.9362247,3.2685974,2.8160398787534406,2.8056282165996,1.6999829144852114,0.944280145729274,9.678012280399725,forehand,2026-05-17 12:12:48.728,4
1779012772107,8.935745498039216,8.720739,3.7210760622192107,2.9236815,24.088932,-6.060278849803922,-5.609013,3.3902540716061247,-14.5968485,0.72103906,0.11352685823529414,0.41561553,5.902258267547336,-13.528465,9.908897,12.621905105652985,11.881032848260144,4.073979396870487,7.688543091963175,24.992254343543298,-0.6500583006862745,-0.78272694,1.3855019458477522,-3.591915,2.9684498,-1.0664823432941177,-0.15633233,2.2959804490452784,-7.6773286,1.6251105,-0.2811000135490196,0.25207588,1.583729485864375,-3.3122745,1.8695961,2.9338792246815806,2.9283293565011532,1.6097508658483692,0.43640842260142193,8.3046899877449,forehand,2026-05-17 12:12:52.107,4
1779012785515,10.550415537254901,9.2717,4.272499207864017,2.880563,25.02796,-4.908640863921569,-4.484336,4.493784942798165,-19.733952,13.626679,-0.17475244941176477,-0.23116368,6.09898560476602,-22.541452,16.282068,13.125732123809328,11.524973715691427,6.169337900309287,5.025912900769757,37.21746275128238,-0.4596364574509804,-0.61214626,1.7420365325886402,-2.803462,3.900718,-0.9993451095294117,-0.1022685,2.3097122982759766,-8.616121,1.2900746,-0.32351083223529414,0.1862938,1.5367482171781466,-3.091092,2.1746705,2.925527506062852,2.818691902376633,1.8281355921535671,0.23544839787446117,9.528949712684362,forehand,2026-05-17 12:13:05.515,4
1779012793564,11.061427511764705,9.893327,7.003500127863319,3.5680654,43.06352,-4.006649258823529,-4.296291,3.602525023610089,-16.041323,10.982071,-2.408324858098039,-1.7510948,4.649747863328947,-15.114272,5.2868214,13.028451895974442,11.40144773590097,7.589769443854867,5.11780037791483,43.077949482552825,-0.21551113968627456,-0.5037523,2.54616776918368,-3.4082844,8.094792,-0.7455929669019608,0.20946401,2.45984934676428,-8.9085455,1.9649402,-0.35926617354901963,0.017444238,1.4522666683074197,-3.5325246,2.3356636,3.198217492828129,3.012188910634681,2.226161536960736,0.5502057199784527,9.600067359403624,forehand,2026-05-17 12:13:13.564,4
1779012807592,9.91084621372549,9.581914,4.017652654663367,2.958416,23.988321,-5.354481674823529,-5.3083806,3.6696598946411054,-13.0649395,4.9502563,1.0579090588431372,0.54497135,3.6662864811810745,-9.469327,9.320807,12.463921749266863,12.48115553650537,3.894620584689381,6.991761526279028,26.207289538713837,-0.5723568775098039,-0.70948774,1.74754669742944,-3.6666188,5.3519187,-1.1704532552549018,-0.43344268,2.7050779861673213,-9.5742235,1.3967375,-0.19256547686274508,0.2910924,1.7774437752147711,-3.4220002,2.2815998,3.230899930305572,2.7867762354197487,2.156968120445394,0.726180061433358,11.198843964918387,forehand,2026-05-17 12:13:27.592,4
1779012809934,9.213973388235294,9.174683,3.5051120529800093,5.058053,27.558783,-5.6010516201960785,-4.6508217,3.893061487087168,-24.13325,-0.47430477,0.862912455,1.3941685,5.854521602645236,-12.807426,13.396714,12.468605315161494,11.18538191393043,4.742962932384717,7.860933798173182,31.183739811245314,-0.6534839567254903,-0.653027,1.6324225628604292,-3.712027,3.9826126,-1.0592733279215687,0.017710561,2.4531012150239517,-8.983649,1.0196223,-0.09027086913725489,0.4235887,1.7486190341829164,-3.1398296,3.1078706,3.1382997950673674,2.7660253155407095,1.8118135948418976,0.49356146267830714,9.12257771322395,forehand,2026-05-17 12:13:29.934,4
1779012822507,8.168253081372548,8.262006,7.449573666449662,-3.7189806,28.42834,-3.0170113023529415,-4.376539,4.324874179209654,-13.304488,7.430774,2.131271289607843,2.5116591,6.939844051850434,-10.034659,18.491896,12.793046772605686,11.314665280437953,6.1154858244656305,4.287573868070191,31.061447666453102,1.2432824744117648,0.91948444,2.432370543499118,-1.7753173,7.487839,-1.0048204301960784,-0.13595852,2.164353762849312,-8.196261,1.1280162,0.49083295314509806,0.20946401,1.1842558769715883,-1.9128739,3.849184,3.14122550798569,2.022437022608168,2.188819556714489,0.5270527140608063,9.978335126015493,forehand,2026-05-17 12:13:42.507,4
1779012854171,8.254725092156864,8.350638,3.6036380300442055,1.3654227,21.214357,-5.56307622745098,-5.544335,4.978307258997992,-18.514654,13.316465,1.127213557372549,0.96178466,5.466494842640174,-15.622113,10.317327,12.262374255433636,11.248055406705529,4.0798614429860445,5.476968328339814,25.127715264693848,-0.8756192507843137,-0.7188091,1.3568048258862617,-3.7682216,3.6073618,-1.0117187619215686,-0.8024349,2.119053234254193,-8.517315,1.1547819,0.12347000723529411,0.036353257,2.35822953339228,-2.9688494,7.083559,3.0676712264537973,2.8334950138788577,2.0335616371898237,1.0164426659134311,10.965075302667476,forehand,2026-05-17 12:14:14.171,4
1779012858224,7.77825969827451,7.7649436,5.062996762183951,-1.1582139,31.686192,-5.991420674509803,-5.113149,5.2444815413301855,-23.139126,6.712131,1.395483654117647,0.09941236,5.3303550786623175,-9.220197,15.646069,12.433634597122774,11.391216577388922,4.916987909491261,6.24219029945513,35.970361982815604,-0.7999648823333334,-0.6237314,1.6997170327161064,-4.5959573,4.565197,-1.1773463385686274,-0.6245303,2.0859528250277153,-8.716659,1.434156,0.30777158666666665,0.54876107,2.2154701928367198,-3.2972271,3.771018,3.2115438841890387,3.099719233082478,1.9471719870512363,0.552658606197226,9.91424585174027,forehand,2026-05-17 12:14:18.224,4
1779012861148,8.571421534313727,8.256017,5.86863522174154,0.3018303,38.25699,-6.529628291862745,-4.719093,5.974578549636316,-25.69031,2.1750946,0.5098846576470589,0.5150279,6.684574659428246,-18.693117,14.2267475,13.930270126145494,12.255760138269729,5.964824666420124,7.5329668921397595,39.02696691481453,-0.7617343014705883,-0.68977976,3.1343541755421787,-5.622504,15.674513,-0.29691757876470587,0.3796452,2.8608244560199783,-9.610177,3.0384932,0.18183939784313724,0.48817232,2.0550193461456416,-4.179293,4.3000712,3.5022585252092946,2.855264588933707,3.2304736746231453,0.5425142159478366,17.542996454824905,forehand,2026-05-17 12:14:21.148,4
1779012863494,9.304508299215687,9.155519,6.875529143487869,-8.6536665,32.937828,-4.296666543019608,-4.235206,4.041975078944443,-13.980013,4.493918,0.936773002745098,2.200247,3.2221129635548493,-8.923158,6.3552046,12.30737666741326,11.301423664710562,5.246193059235594,4.574401395671487,34.73396906964442,0.35539662194352944,0.10839396,1.6017780408328002,-2.4468539,3.4812572,-0.28232980307843136,-0.2696533,1.0926113365754306,-5.5752316,2.1038282,-0.2043464170392157,-0.26445997,1.1316572369517628,-2.044438,2.5360725,2.07351640608669,2.061222642482163,0.952581049707958,0.46123875211467324,5.826906045562165,forehand,2026-05-17 12:14:23.494,4
1779012872393,9.267261045098039,8.579407,4.226448456233712,2.6853313,32.055096,-6.102458141176471,-4.9346857,4.124135108606296,-17.15522,6.4114985,0.42167465145098043,-0.08743497,5.455561616245435,-11.768986,15.998203,12.856907525657357,12.138177901615634,4.668443825054289,5.078826636603674,36.394765994768086,-0.9322940785490197,-0.65023065,1.7254149756575359,-4.8522944,3.513749,-0.840143314137255,0.08509059,2.0561106123012713,-7.6004944,1.0107005,0.1367783649215686,0.1655205,2.202853305532277,-3.6204116,4.485832,3.191175791281106,3.218187783271915,1.8153597907642407,0.4063903228159657,9.49929659983603,forehand,2026-05-17 12:14:32.393,4
1779012880936,8.60599156862745,7.3337574,5.851197151288118,3.2530599,42.332897,-8.09861974117647,-7.1313396,3.7923611859363304,-21.071827,-3.9537373,0.6448299411882351,0.37968335,6.58011924971692,-18.277502,11.245574,13.612606600630276,11.398856741633244,6.765739441106454,8.33335144185937,46.51747569726607,-0.3360802881764706,-0.14794311,1.3794041939838955,-6.3696766,1.7414942,-1.1489540990992158,-0.088419646,3.0594781876068358,-11.879393,1.7757168,-0.018237973039215684,-0.34209347,1.7422343570566827,-2.1043608,3.317468,3.024880461506789,2.3203952468984377,2.5352887588808617,0.49931023477264497,11.992268575854402,forehand,2026-05-17 12:14:40.936,4
1779012886289,5.2824529485294125,3.9944606,4.379607170464259,-1.869671,23.817045,-6.037968085686275,-6.4294643,5.335986862252521,-16.179062,4.1777143,2.140641873137255,2.72845,6.675128940857602,-15.14182,13.056556,11.87101582092601,11.959441690166145,4.335229391813677,4.340681848185385,26.606854367520757,-0.46181667313725494,-0.80802774,2.5963141636279405,-4.9331236,5.676834,-1.1413664266666668,-0.42718408,2.539237226220154,-8.790431,1.4603889,0.5751898525921568,0.14887525,1.59729483299028,-2.3066342,3.6539686,3.5973537604210084,3.4665657496091056,2.103312288786978,0.2946879028968084,9.22422969807687,forehand,2026-05-17 12:14:46.289,4
1779012893535,7.053580503921569,7.8020735,6.897294231223325,-6.2833405,37.137104,-7.272719796078431,-7.6152263,4.6972790427552935,-23.785904,7.054684,-0.4438445833333334,1.7882247,6.723329346652596,-15.471198,10.4035635,13.472963126522481,12.697480209360842,5.881190666819941,2.2560301928885993,37.999292826577104,-1.6804562994117647,-1.4815617,1.4305845633714578,-5.0698814,0.7437104,-0.8670786065686275,0.41986015,2.8214345953894147,-10.961506,1.4646502,-0.045549285333333335,0.066314735,2.1549392659580207,-3.5901837,3.527198,3.8173219105857092,3.420660889127503,1.8538697900861645,1.2670658060286135,11.095768452359096,forehand,2026-05-17 12:14:53.535,4
1779012896585,7.612525459215687,7.7158365,5.183298200001964,-1.7007898,20.25377,-6.514409986274511,-6.041397,4.5856747907677615,-17.676237,0.89830446,-0.8869611758823529,0.560542,5.064570579028025,-13.572782,11.007224,12.284915245488502,11.85655202853067,4.775523041453462,2.923622440525639,28.493195955253,-0.5963861269019608,-0.4351738,1.6733792811371122,-3.765292,3.811366,-0.9199387304411765,-0.3209207,2.1745632292558974,-7.2584004,1.6722499,-0.14643133029803923,0.24901316,1.6347121160065423,-3.1652634,2.5468585,2.979343029225032,2.754353707739899,1.5476002410809613,0.7213890322353786,7.739560984474001,forehand,2026-05-17 12:14:56.585,4
1779012899081,8.84657275117647,8.077554,8.472929551864256,-10.393981,42.80241,-6.612295780392157,-4.9490585,4.4170533251118025,-20.02141,3.932178,-1.7783609556215685,-0.34375116,7.271192483245604,-23.510424,15.993412,14.305916969463684,11.425390560456936,7.941567850386613,6.767930617888304,46.147110069917325,-0.9066904045098039,-1.2563846,1.616348454778793,-2.9141197,5.262567,-0.07758648354901956,0.58964187,3.347431362253236,-12.602329,3.276454,-0.13560603849019606,0.121177524,1.584773319086073,-3.5267987,2.669501,3.426735568558017,3.134034125404299,2.2837347936925028,0.7451635255393424,13.662521694158642,forehand,2026-05-17 12:14:59.081,4
1779012932410,8.60763550392157,7.932627,4.4767581868654345,0.1281581,31.365198,-6.003351060392157,-4.9454656,4.435730883979042,-26.17779,0.13774002,-2.0099709198431372,-0.84320843,7.14775416770337,-27.404274,19.248867,12.961876504885193,11.793965384102496,5.990996790513594,5.895253790921172,36.99608723891778,-1.1140447225490195,-1.5842297,2.35227562546254,-5.026204,8.198525,-0.5865242793333333,0.6481,2.8881140667014984,-9.203899,1.8372377,-0.15917571603921568,-0.055661764,1.9849491359405858,-3.7385263,3.325857,3.822848342318781,3.612218148853999,2.1332196004338977,0.430405377731552,10.025293820366596,forehand,2026-05-17 12:15:32.410,4
1779012964991,7.382559577254902,5.8761086,5.627268223235699,-2.112812,30.23094,-7.774079402156863,-6.986413,5.735668420456152,-22.884007,2.9500318,-0.7018517201960784,-1.837332,7.209205269294108,-21.5102,13.264962,14.088232777276389,13.944559188088189,5.641677570006346,4.778260965456727,33.01402370084539,-0.11752731264705883,-0.29375562,1.6172407591299942,-3.373529,4.0406713,-0.966420152882353,-0.4744566,2.3970263162939647,-8.362581,2.0052884,0.0017415543137255143,-0.3378323,2.174009289388264,-3.1825745,5.12794,3.1632233309390885,2.9068086248756386,1.9616719992209357,0.6741346724268406,8.932565213241546,forehand,2026-05-17 12:16:04.991,4
1779012973693,7.838968694117647,8.050006,3.0665845991238276,1.9451286,19.532732,-6.958066679607843,-6.7696223,4.469756623342388,-22.33664,1.4229143,-0.04967100098039217,0.7378074,4.4316141198169845,-9.894525,7.725418,12.037912682189658,11.672354112705358,3.643654978642998,6.236273735679063,25.671695314422443,-1.2728105084333334,-1.2216293,1.675337480068268,-4.297541,4.93885,-0.5505731347647058,0.47152707,2.1725704077904076,-6.587663,1.5291005,0.2548566311764706,0.33210632,1.940465082177561,-2.970048,4.258924,3.2596814578524267,3.104503920503941,1.5754620808597417,1.0156411523978006,7.54872604863806,forehand,2026-05-17 12:16:13.693,4
1779013153692,8.422314698039216,8.210503,4.966042471334312,1.7139649,27.924093,-2.8938320474509807,-3.6063929,6.420002001104155,-12.672082,13.238612,4.76056738254902,4.368155,4.413664676684462,-6.059363,20.469364,12.66773207829399,11.30474537921806,5.068498621807326,6.033324015598222,30.659054927499547,-0.11381965607843142,0.771275,2.9456695858651227,-8.335815,3.933742,0.00670510178431373,0.16711846,1.3616939882813643,-2.201303,2.4236836,-0.9250589566666666,-0.3839064,2.421722794424748,-6.751985,2.8583248,3.5400152783487817,3.4009354610541935,2.1212466641605627,0.39080560343838067,8.875471654293365,backhand,2026-05-17 12:19:13.692,4
1779013155691,8.634995580392157,8.479994,3.780377303242534,3.1764045,19.760302,-1.7492159880392155,-0.93064344,5.432172146428738,-16.375492,13.894974,5.661102892745098,4.1046524,4.312253358482108,-8.548265,14.673504,12.577979374808852,11.567935019207331,3.5902660608217545,6.761424884235827,25.819382360443658,0.18875077400000004,0.6643458,3.2810210937961815,-11.148732,4.2689114,0.19459425162745098,0.41293573,1.9565408840522514,-4.327369,3.691254,-0.6816777772215686,-0.24488513,2.23345569310441,-5.9286437,3.527065,3.5132721641582645,3.1183094692776216,2.745992533369976,0.2658364781573084,11.752701332082312,backhand,2026-05-17 12:19:15.691,4
1779013171924,9.807652729411764,8.859677,4.706666681074133,0.1676835,28.88468,-2.142191915294118,-2.260134,4.751133116448555,-16.14313,14.874724,3.739764751890196,2.2529476,3.9776009443669835,-2.9512296,17.830744,12.275919546229376,10.684486035560884,4.888281694561342,7.514428631955447,33.090550048000416,-0.26032149547058825,0.22424501,3.028618001232616,-6.061007,4.102725,-0.0036945878627450903,-0.11172301,2.3078351447976178,-4.281961,5.723441,-0.5481814247254903,-0.15300328,1.9579982715214634,-6.1076136,3.080173,3.6641191856734276,4.261557019828256,2.239140900163133,0.10213403906843051,9.430429025664159,backhand,2026-05-17 12:19:31.924,4
1779013178339,9.03238661764706,8.283565,4.371055700854175,2.2816932,27.112026,-1.1271430652941177,-1.2839766,4.977904861960842,-17.013885,12.268443,5.494476264862745,5.328742,4.547279434016591,-6.2270465,19.520754,12.475050841284759,11.264063137185532,4.596584291316765,7.295448885591895,31.088074783547942,-0.11835764,0.21399152,2.2709845666226967,-8.159243,3.042488,-0.23635492956862747,0.004926998,1.7072652390326988,-4.1426735,2.8580585,-0.7244227973921568,-0.04793836,2.328174066063458,-7.797441,2.4316735,3.1120759854172397,3.0101082645480366,2.0543506241310996,0.4373479762642162,8.207233824638118,backhand,2026-05-17 12:19:38.339,4
1779013181946,8.105007738235294,8.344649,4.773056428867208,-4.037579,23.71404,-2.660789546745098,-3.2470713,5.67437610656697,-15.049594,20.38672,5.096568477241176,4.9634314,3.615193793731654,-9.325598,15.997005,11.956900663176425,10.777461152281418,4.790020461927844,3.978686683096533,28.023764164677356,-0.10132593705882353,1.1925999,3.0016367910964457,-9.895277,3.1612687,-0.10044078453333334,0.21345888,1.4498992024868695,-2.737014,2.511171,-0.7488750145686275,-0.18589431,2.2012337379348486,-6.498045,2.4958575,3.516122317652389,3.2554175679597317,1.984911857528776,1.0592590972704954,10.245399757024597,backhand,2026-05-17 12:19:41.946,4
1779013195453,9.377593939215686,9.078864,4.355686949467488,2.122394,30.944792,-1.3676773237058824,-0.76415765,5.995695942982109,-25.565744,13.058951,3.7463640063921573,3.5345285,3.67633423922312,-7.574503,15.786203,12.11210781479647,10.448366283300569,4.9719761585011035,8.672176764570207,40.61096929518951,0.20554746052941178,0.6001617,2.725555214365123,-9.66504,3.371931,-0.007887894896078449,0.08069624,1.8613526259996045,-3.916298,3.4551575,-0.8476787032745098,-0.6881818,2.2670007953146287,-7.076368,3.0564702,3.279542094146193,3.1960884945390435,2.4162288263392013,0.4455751697194784,10.226036564050327,backhand,2026-05-17 12:19:55.453,4
1779013203202,9.41002678627451,9.707677,4.176385431290327,1.3845866,22.904367,-2.618422445882353,-2.9572182,6.08079812087904,-19.29558,17.581615,2.3065639780784313,1.5953887,4.149584509497293,-9.702886,20.580753,12.341446017148277,11.057472014013026,4.36111387487349,8.913608988256344,31.064544648388896,0.42035105066666667,1.2244257,2.9288586075132743,-9.952403,4.4934225,0.20170404895490196,0.0042611877,1.909761166028459,-2.7193036,4.5862365,-0.9165391814117647,-0.97807574,2.0631645083686077,-7.3252482,2.4340703,3.4938727280405053,3.3070316450477453,2.2603828751686197,0.2622392533968095,11.173604203604661,backhand,2026-05-17 12:20:03.202,4
1779013206821,8.804299571568627,9.228581,4.923888437619349,0.33656475,25.944231,-3.3857975352941176,-3.3321106,5.326291813785478,-16.356327,14.556126,3.4840356804313726,2.935659,4.417518076116177,-6.326459,16.907288,12.24513531243447,10.607404451282974,4.725092498260925,3.0340242152463275,27.024347155781776,0.5480613181372549,1.0610358,2.9669172578754868,-10.253483,4.0212297,0.27948900503921564,-0.34422407,1.89616436678527,-2.6977313,4.993979,-1.1270919974509803,-0.683388,2.342781870373003,-7.5490937,2.059219,3.5085877198821356,3.1369909667637206,2.6480314926337654,0.5859578307650304,11.421987305669596,backhand,2026-05-17 12:20:06.821,4
1779013226174,9.64177767254902,9.900513,3.3539864088863918,1.2719991,18.814089,-0.9609156813529411,-0.5713216,6.979790272073984,-19.773478,18.617659,3.275511578137255,3.1524498,3.6310424468857514,-6.973238,14.10338,12.463396207987346,11.020562162810965,4.627821555860535,7.23189969205387,28.022370541312327,-0.10674899088235296,1.3087173,3.7550210199723453,-14.45528,5.528092,-0.4256670573529412,0.2109288,1.7173932650024208,-4.5002136,2.000095,-0.8737784828568627,-0.23583011,2.3968622917192706,-8.468445,1.8773196,3.836881170772986,2.939015329893597,2.958661729904532,0.8326799237846992,14.5979462628364,backhand,2026-05-17 12:20:26.174,4
1779013233972,9.000000781960784,8.481192,5.253131873673086,0.51622564,29.261969,-2.0091019901960783,-2.7667778,5.557635246048253,-19.514767,12.57746,4.675551405294118,4.2340083,5.384343761461175,-8.4752035,23.91047,12.27742549989216,10.427646020501601,6.539052901664195,5.8120734648966454,35.241702567971416,0.5149796659019608,0.8339943,2.330686334046714,-9.496324,4.7909064,-0.07169604680392158,-0.02583345,1.446588782766979,-2.8623197,3.9700954,-0.4688246327647059,-0.12437341,2.0626831897725766,-7.840585,2.1230037,2.684606250522015,1.8928502205622715,2.219925817405149,0.719314000229354,9.536634001736335,backhand,2026-05-17 12:20:33.972,4
1779013239603,8.541971163529412,8.8477,5.377565146549452,-4.487929,22.195307,-3.46555286627451,-2.7368343,5.153247043833243,-20.064528,9.738818,5.0284852099999995,3.839952,6.216214162875714,-9.530412,24.413519,13.15302081975469,10.916213270451676,5.488141403580264,8.26140187906314,33.05616682968091,-0.1696772837254902,0.97208345,3.581945849569202,-14.115185,3.723346,0.4057502000196079,0.36592948,1.4788029367405553,-2.2224758,4.463195,-0.6476039388235294,-0.37525085,2.1703624462144906,-5.2039757,3.6844625,3.7135727624570722,3.5383384162120217,2.507250084044407,0.5863357132055816,14.357098586950011,backhand,2026-05-17 12:20:39.603,4
1779013245879,8.941029711764706,8.624921,4.285939672046625,2.0589137,23.426582,-1.15391614,-2.1463487,5.490424518404333,-17.766068,20.608301,4.860684319607843,4.636449,3.1705125340803666,-3.6423252,14.899877,11.804161609742899,10.332384024435028,4.841381684442973,6.592678130338153,29.40299970506287,0.34687948990196077,1.3246968,3.029133563912256,-9.988224,3.1665952,-0.4733991665882353,-0.18229894,1.321408122927287,-2.9498072,1.7975554,-0.44396773529411765,0.54077137,2.2283248099391084,-8.06776,1.8303133,3.341111896078429,3.020583744414341,2.247950633185868,0.42358962425657914,10.300007801245831,backhand,2026-05-17 12:20:45.879,4
1779013249177,8.289224737941177,8.675225,4.040974986728143,-1.2133099,15.955085,-3.3966712225490197,-2.5691507,6.3616370365530726,-29.750647,16.83662,4.09624481627451,4.5142794,5.785031565419232,-18.393682,19.093163,12.495917057507176,10.862699644851858,5.473937658650096,5.2373819601666955,32.67402607332653,0.4908877916862745,0.87314403,2.8192425913722743,-10.550834,4.6255193,0.4868328654313726,-0.23037046,1.8643761509490386,-1.8159318,7.4249864,-0.7095008193333333,-0.2713844,2.028983682807903,-5.8239784,2.9213104,3.1339383955804236,2.2251797489591842,2.5541723878259646,0.7014790280794821,10.569572706617832,backhand,2026-05-17 12:20:49.177,4
1779013258059,9.340886755490196,10.183179,4.469520162132154,-0.9917281,21.461092,-2.947166629627451,-3.8842685,5.3505275043708425,-16.589886,10.566456,3.4107151952941175,2.6242468,3.998461030757948,-11.159337,11.936669,12.384785129129165,11.728929677362162,4.2266107319015696,7.214357889930141,29.331443701342575,0.2473812774509804,0.8662196,2.485927063833317,-7.3873014,4.582641,-0.1807558148431373,-0.36899224,2.203654255625988,-3.7590334,5.033528,-0.5700591899411765,0.28936127,2.0317091865954673,-6.566357,2.0777285,3.333392367624133,2.8860233286094275,2.063309789575725,0.7685652686408543,8.447443231989267,backhand,2026-05-17 12:20:58.059,4
1779013284249,9.305682649019609,8.494367,4.277577098383328,2.320021,25.49867,-2.2338306938431374,-3.2686305,4.944860197784311,-18.205637,14.321368,4.546172070588235,4.1381893,4.284687665647622,-11.8432455,16.162294,12.169265995186652,10.20279012097133,4.955146704442236,6.530001776955293,31.493354767532903,-0.2905049139215686,0.7552955,2.3581342407410686,-9.150635,2.5946639,-0.1109814803254902,-0.045940932,2.1044808790319776,-4.551348,6.5363955,-0.8144612838627452,-0.026499262,2.356560738368783,-7.942987,2.940619,3.243982055413559,2.7676196867110785,2.3631304945480593,0.5125676371861214,10.608854291041633,backhand,2026-05-17 12:21:24.249,4
1779013286809,6.031227796392156,6.01864,5.804355089794847,-4.074709,25.39926,1.3858078232352942,-0.025152525,6.583818246350292,-16.08444,10.39997,5.501028508039216,4.9119287,4.729413616997265,-6.586368,16.563536,11.971128100399953,10.505832119572966,4.812392767546064,5.488528575402821,29.695162336465856,1.3183963512745098,1.3991344,2.706320993625165,-5.90534,8.359518,0.6742441832156864,0.38497168,0.9460934953288956,-0.3985542,3.874618,0.26998749019607843,0.84025294,2.182364427429901,-6.756779,2.8704426,3.1141555880498153,2.9866275830694424,2.3240131540085347,0.22389177719745046,9.559675562301107,backhand,2026-05-17 12:21:26.809,4
1779013307287,9.49591185882353,9.281281,3.721613418587994,3.0422578,21.159262,-1.2509094866666668,-1.8301456,4.867720503519851,-15.866452,10.386795,3.957964663333333,3.357263,4.903869843746237,-7.219972,18.391287,12.189212559510354,11.320853510637582,4.426653450683356,7.1553946864640245,26.24902419616493,0.02141820871372552,0.37218812,3.0007183298379525,-8.113035,4.269444,-0.2655879339117647,-0.11358728,2.1092736355439152,-4.8751984,4.4048696,-0.442730102745098,-0.2263756,1.9048622477999098,-5.2114325,2.4826746,3.47974619182454,3.143252262572043,2.2368248621374076,0.19012930528378982,8.827169367704235,backhand,2026-05-17 12:21:47.287,4
1779013317750,9.744642325490195,9.928061,2.564678485106697,2.2589362,15.393345,-1.0973640126862745,-0.65396565,3.579660566472758,-13.106861,7.7793164,3.7070970000980394,2.5883145,4.989642880133896,-1.957106,22.233635,11.805062209160987,11.350083902753319,3.774165408819549,4.559755578976947,24.899071816336747,0.3320044893529412,0.6097493,2.165796118427665,-6.3927135,4.2784986,-0.2628489532352941,-0.061254572,1.8614264144339443,-3.6417177,3.5987062,-0.45581132013725495,-0.1729776,1.9331160447698013,-6.2395773,2.7218337,2.9893235914151286,3.0318311063488674,1.781169347256921,0.6718103638312056,7.345337701216316,backhand,2026-05-17 12:21:57.750,4
1779013322651,8.626822766666667,9.619044,3.7204752911501076,2.2936707,20.93289,-1.5675354009509805,-0.75816894,3.4931612442914095,-10.616761,8.751881,5.030763244509804,3.8339634,5.739208215143366,-6.435453,22.449226,12.08858597993487,11.715100782056782,3.7626595698212983,6.941900658170345,23.364410531448662,0.17323608450980393,0.7377181,1.9523931403075718,-7.8941164,2.2878582,0.11095798880392158,0.089751266,1.7668721497688307,-3.269263,3.498302,-0.6079320639823529,-0.47086126,1.732072689971491,-5.190526,2.2913206,2.8020320855851115,2.71812906910962,1.5314967754975728,0.6718984764319863,8.431468999738057,backhand,2026-05-17 12:22:02.651,4
1779013328838,9.56476998627451,9.254931,4.172351673597127,2.6398172,22.379759,-2.708464297745098,-3.2626417,5.910756066515647,-18.706291,13.427855,2.8028977516666664,2.2074335,4.512000120404654,-9.259723,17.623535,12.532759175191353,11.107672910896715,4.615476529906034,7.744063158032149,29.83109876254847,0.4013401909803922,0.92347926,2.2527681215441793,-5.8849664,4.707947,-0.007075858039215707,-0.41453367,1.9979983836120143,-3.1929612,4.4408236,-0.7664994099215686,-0.11824796,2.1227109567010762,-7.1923523,2.047634,3.11869634207165,2.372604677822927,2.1013542333084505,0.3524163440873777,9.094002692388031,backhand,2026-05-17 12:22:08.838,4
1779013332279,9.278604333725491,9.738818,4.521874420707327,-0.34854212,22.91395,-2.2536521222156862,-2.4050605,6.815197145256414,-20.670584,17.815174,3.3727163396078432,2.6074784,5.170899424459514,-15.137029,21.026314,12.863370571130062,11.246586345873215,5.427193360920026,5.3187851690167,31.695852832969692,0.32879816496078434,0.95810145,3.9523096823165593,-12.950416,5.0709467,-0.10144864499999998,-0.107461825,1.9256949184075653,-3.2532837,4.0579824,-0.7007382334901961,-0.21492365,2.4156580315511573,-8.980054,3.1522136,4.0918271428055,3.9802929575103114,2.9509606792641594,0.20611925482206464,13.384268155393807,backhand,2026-05-17 12:22:12.279,4
